Player;Team;years_with_team;draft_pos;all_star;num_teams;Age;GP;W;L;Min;PTS;FGM;FGA;FG%;3PM;3PA;3P%;FTM;FTA;FT%;OREB;DREB;REB;AST;TOV;STL;BLK;PF;FP;DD2;TD3;+/-;ig_followers;resigned;Agent
Stephen Curry;GSW;12;7;7;1;33;63;37;26;34.2;32.0;10.4;21.7;48.2;5.3;12.7;42.1;5.7;6.3;91.6;0.5;5.0;5.5;5.8;3.4;1.2;0.1;1.9;47.9;8.0;0.0;3.9;58 125 146;1;3.0
Bradley Beal;WAS;9;3;3;1;28;60;32;28;35.8;31.3;11.2;23.0;48.5;2.2;6.2;34.9;6.8;7.7;88.9;1.2;3.5;4.7;4.4;3.1;1.2;0.4;2.3;45.0;4.0;0.0;-0.1;1 310 216;1;7.0
Damian Lillard;POR;9;6;6;1;30;67;39;28;35.8;28.8;9.0;19.9;45.1;4.1;10.5;39.1;6.7;7.2;92.8;0.5;3.7;4.2;7.5;3.0;0.9;0.3;1.5;45.7;16.0;0.0;3.0;10 218 076;1;16.0
Joel Embiid;PHI;7;3;4;1;27;51;39;12;31.1;28.5;9.0;17.6;51.3;1.1;3.0;37.7;9.2;10.7;85.9;2.2;8.4;10.6;2.8;3.1;1.0;1.4;2.4;49.3;31.0;0.0;7.9;7 437 296;1;4.0
Giannis Antetokounmpo;MIL;8;15;5;1;26;61;40;21;33.0;28.1;10.3;18.0;56.9;1.1;3.6;30.3;6.5;9.5;68.5;1.6;9.4;11.0;5.9;3.4;1.2;1.2;2.8;53.9;41.0;7.0;6.7;15 981 855;1;15.0
Luka Doncic;DAL;3;3;2;1;22;66;40;26;34.3;27.7;9.8;20.5;47.9;2.9;8.3;35.0;5.2;7.1;73.0;0.8;7.2;8.0;8.6;4.3;1.0;0.5;2.3;50.5;26.0;11.0;2.5;10 507 139;1;0.0
Zach LaVine;CHI;4;13;1;2;26;58;26;32;35.1;27.4;9.8;19.4;50.7;3.4;8.2;41.9;4.4;5.1;84.9;0.6;4.4;5.0;4.9;3.5;0.8;0.5;2.4;41.0;3.0;0.0;-0.2;2 323 714;1;6.0
Zion Williamson;NOP;2;1;1;1;20;61;29;32;33.2;27.0;10.4;17.0;61.1;0.2;0.6;29.4;6.0;8.7;69.8;2.7;4.5;7.2;3.7;2.7;0.9;0.6;2.2;43.2;14.0;0.0;1.5;5 089 165;1;0.0
Kevin Durant;BKN;2;2;11;3;32;35;23;12;33.1;26.9;9.3;17.2;53.7;2.4;5.4;45.0;6.0;6.8;88.2;0.4;6.7;7.1;5.6;3.4;0.7;1.3;2.0;46.3;12.0;0.0;8.0;13 755 477;1;12.0
Kyrie Irving;BKN;2;1;7;3;29;54;36;18;34.9;26.9;10.2;20.1;50.6;2.8;7.0;40.2;3.7;4.0;92.2;1.0;3.8;4.8;6.0;2.4;1.4;0.7;2.6;45.5;8.0;0.0;4.2;20 299 956;1;20.0
Jayson Tatum;BOS;4;3;2;1;23;64;34;30;35.8;26.4;9.5;20.6;45.9;2.9;7.6;38.6;4.6;5.3;86.8;0.8;6.6;7.4;4.3;2.7;1.2;0.5;1.9;44.1;15.0;1.0;2.5;7 302 508;1;0.0
Donovan Mitchell;UTA;4;13;2;1;24;53;39;14;33.4;26.4;9.0;20.6;43.8;3.4;8.7;38.6;5.0;6.0;84.5;0.9;3.5;4.4;5.2;2.8;1.0;0.3;2.2;40.6;2.0;0.0;5.4;3 859 648;1;24.0
Nikola Jokic;DEN;6;41;3;1;26;72;47;25;34.6;26.4;10.2;18.0;56.6;1.3;3.3;38.8;4.8;5.5;86.8;2.8;8.0;10.8;8.3;3.1;1.3;0.7;2.7;54.7;60.0;16.0;5.3;0;1;0.0
Devin Booker;PHX;6;13;2;1;24;67;48;19;33.9;25.6;9.3;19.2;48.4;1.9;5.5;34.0;5.1;5.9;86.7;0.5;3.7;4.2;4.3;3.1;0.8;0.2;2.7;37.1;1.0;0.0;4.9;5 687 570;1;2.0
Trae Young;ATL;3;5;1;1;22;63;36;27;33.7;25.3;7.7;17.7;43.8;2.2;6.3;34.3;7.7;8.7;88.6;0.6;3.3;3.9;9.4;4.1;0.8;0.2;1.8;43.1;28.0;0.0;4.2;5 105 967;1;0.0
De'Aaron Fox;SAC;4;5;0;1;23;58;24;34;35.1;25.2;9.1;19.1;47.7;1.8;5.5;32.2;5.2;7.2;71.9;0.6;2.9;3.5;7.2;3.0;1.5;0.5;2.9;43.1;11.0;0.0;-3.4;1 545 013;1;6.0
LeBron James;LAL;3;1;17;3;36;45;30;15;33.4;25.0;9.4;18.3;51.3;2.3;6.3;36.5;4.0;5.7;69.8;0.6;7.0;7.7;7.8;3.7;1.1;0.6;1.6;47.0;18.0;5.0;6.4;159 855 350;1;6.0
Kawhi Leonard;LAC;2;15;5;3;30;52;36;16;34.1;24.8;8.9;17.5;51.2;1.9;4.9;39.8;5.0;5.7;88.5;1.1;5.4;6.5;5.2;2.0;1.6;0.4;1.6;44.2;9.0;0.0;8.6;0;1;8.0
Karl-Anthony Towns;MIN;6;1;2;1;25;50;19;31;33.8;24.8;8.5;17.5;48.6;2.4;6.3;38.7;5.3;6.2;85.9;2.7;7.9;10.6;4.5;3.2;0.8;1.1;3.7;46.8;33.0;0.0;0.2;4 349 632;1;2.0
Jaylen Brown;BOS;5;3;1;1;24;58;30;28;34.5;24.7;9.3;19.2;48.4;2.8;7.1;39.7;3.3;4.3;76.4;1.2;4.8;6.0;3.4;2.7;1.2;0.6;2.9;39.5;10.0;0.0;1.2;4 090 048;1;1.0
James Harden;BKN;1;3;9;3;31;44;31;13;36.6;24.6;7.8;16.7;46.6;2.8;7.6;36.2;6.3;7.3;86.1;0.8;7.1;7.9;10.8;4.0;1.2;0.8;2.3;52.1;32.0;12.0;2.3;146 666;1;22.0
Collin Sexton;CLE;3;8;0;1;22;60;18;42;35.3;24.3;8.8;18.4;47.5;1.6;4.4;37.1;5.2;6.4;81.5;1.0;2.2;3.1;4.4;2.8;1.0;0.2;2.6;35.4;1.0;0.0;-6.3;0;1;6.0
Julius Randle;NYK;2;7;1;3;26;71;40;31;37.6;24.1;8.5;18.6;45.6;2.3;5.5;41.1;4.9;6.0;81.1;1.2;9.0;10.2;6.0;3.4;0.9;0.3;3.2;45.4;41.0;6.0;2.2;973 593;1;5.0
Brandon Ingram;NOP;2;2;1;2;23;61;29;32;34.3;23.8;8.4;18.0;46.6;2.3;6.1;38.1;4.6;5.2;87.8;0.6;4.3;4.9;4.9;2.5;0.7;0.6;2.0;38.2;4.0;0.0;0.7;2 165 773;1;27.0
Shai Gilgeous-Alexander;OKC;1;11;0;2;22;35;16;19;33.7;23.7;8.2;16.1;50.8;2.0;4.9;41.8;5.3;6.5;80.8;0.5;4.2;4.7;5.9;3.0;0.8;0.7;2.0;39.5;3.0;0.0;-5.3;4 018 932;1;0.0
Nikola Vucevic;CHI;2;16;2;3;30;70;26;44;33.5;23.4;9.5;19.9;47.7;2.5;6.3;40.0;1.9;2.2;84.0;2.1;9.6;11.7;3.8;1.8;0.9;0.7;2.0;46.2;48.0;2.0;-4.9;0;1;42.0
Paul George;LAC;2;10;7;3;31;54;38;16;33.7;23.3;8.2;17.6;46.7;3.2;7.7;41.1;3.7;4.2;86.8;0.8;5.8;6.6;5.2;3.3;1.1;0.4;2.4;40.5;9.0;0.0;8.0;9 962 507;1;5.0
CJ McCollum;POR;8;10;0;1;29;47;28;19;34.0;23.1;8.6;18.8;45.8;3.6;8.9;40.2;2.3;2.8;81.2;0.6;3.3;3.9;4.7;1.4;0.9;0.4;1.9;37.7;2.0;0.0;4.4;0;1;0.0
Jerami Grant;DET;1;39;0;4;27;54;15;39;33.9;22.3;7.4;17.3;42.9;2.1;6.1;35.0;5.4;6.4;84.5;0.6;4.0;4.6;2.8;2.0;0.6;1.1;2.3;35.2;3.0;0.0;-2.2;210 615;1;6.0
Russell Westbrook;WAS;1;4;9;3;32;65;30;35;36.4;22.2;8.4;19.0;43.9;1.3;4.2;31.5;4.2;6.4;65.6;1.7;9.9;11.5;11.7;4.8;1.4;0.4;2.9;54.1;59.0;38.0;-1.4;23 018 342;1;30.0
Anthony Davis;LAL;2;1;8;2;28;36;23;13;32.3;21.8;8.4;17.0;49.1;0.7;2.8;26.0;4.4;5.9;73.8;1.7;6.2;7.9;3.1;2.1;1.3;1.6;1.7;42.6;12.0;0.0;3.2;7 208 597;1;6.0
DeMar DeRozan;SAS;2;9;4;2;31;61;27;34;33.7;21.6;7.5;15.1;49.5;0.3;1.2;25.7;6.3;7.2;88.0;0.7;3.6;4.2;6.9;2.0;0.9;0.2;2.1;38.6;13.0;0.0;-1.7;3 341 342;0;16.0
Jimmy Butler III;MIA;2;30;5;4;31;52;33;19;33.6;21.5;7.0;14.2;49.7;0.5;2.0;24.5;6.9;8.0;86.3;1.8;5.1;6.9;7.1;2.1;2.1;0.3;1.4;45.6;17.0;4.0;3.8;0;1;0.0
Pascal Siakam;TOR;5;27;1;1;27;56;21;35;35.8;21.4;7.8;17.2;45.5;1.3;4.4;29.7;4.4;5.4;82.7;1.7;5.5;7.2;4.5;2.3;1.1;0.7;3.1;39.8;13.0;1.0;2.3;722 511;1;13.0
Jamal Murray;DEN;5;7;0;1;24;48;31;17;35.5;21.2;7.9;16.5;47.7;2.7;6.6;40.8;2.8;3.2;86.9;0.8;3.3;4.0;4.8;2.3;1.3;0.3;2.0;35.8;1.0;0.0;6.3;1 325 397;1;28.0
Malcolm Brogdon;IND;2;36;0;2;28;56;27;29;34.5;21.2;7.9;17.5;45.3;2.6;6.7;38.8;2.7;3.2;86.4;1.0;4.2;5.3;5.9;2.1;0.9;0.3;2.0;37.7;6.0;0.0;-0.6;156 426;1;24.0
Christian Wood;HOU;1;61;0;5;25;41;12;29;32.3;21.0;8.0;15.6;51.4;1.9;5.0;37.4;3.0;4.8;63.1;1.9;7.8;9.6;1.7;2.0;0.8;1.2;2.1;39.2;19.0;0.0;-2.4;237 627;1;0.0
John Wall;HOU;1;1;5;2;30;40;12;28;32.2;20.6;7.3;18.2;40.4;2.0;6.2;31.7;4.0;5.3;74.9;0.4;2.8;3.2;6.9;3.5;1.1;0.8;1.2;36.7;7.0;1.0;-4.2;0;1;0.0
Terry Rozier;CHA;2;16;0;2;27;69;32;37;34.5;20.4;7.4;16.4;45.0;3.2;8.3;38.9;2.4;2.9;81.7;0.7;3.7;4.4;4.2;1.9;1.3;0.4;1.7;35.1;5.0;0.0;-1.3;536 753;1;0.0
Khris Middleton;MIL;8;39;1;2;29;68;45;23;33.4;20.4;7.5;15.8;47.6;2.2;5.4;41.4;3.1;3.5;89.8;0.8;5.2;6.0;5.4;2.6;1.1;0.1;2.4;36.7;10.0;0.0;4.3;415 208;1;29.0
Domantas Sabonis;IND;4;11;2;2;25;62;29;33;36.0;20.3;7.8;14.6;53.5;0.8;2.6;32.1;3.9;5.3;73.2;2.4;9.5;12.0;6.7;3.4;1.2;0.5;3.3;46.6;48.0;9.0;-1.5;381 781;1;14.0
Caris LeVert;IND;1;20;0;2;26;47;24;23;31.6;20.2;7.6;17.3;44.1;1.8;5.5;32.6;3.1;3.8;81.1;0.7;3.9;4.6;5.2;2.2;1.4;0.6;2.2;37.4;6.0;0.0;-0.1;235 223;1;24.0
Kristaps Porzingis;DAL;2;4;1;2;25;43;26;17;30.9;20.1;7.6;15.9;47.6;2.3;6.0;37.6;2.7;3.2;85.5;1.9;7.0;8.9;1.6;1.2;0.5;1.3;2.7;37.4;16.0;0.0;0.2;1 611 315;1;0.0
Victor Oladipo;MIA;1;2;2;4;29;33;13;20;32.7;19.8;7.1;17.5;40.8;2.4;7.2;32.6;3.2;4.2;75.4;0.4;4.5;4.8;4.6;2.5;1.4;0.4;2.5;35.4;0.0;0.0;-2.2;0;1;0.0
Gordon Hayward;CHA;1;9;1;3;31;44;24;20;34.0;19.6;7.1;15.0;47.3;1.9;4.7;41.5;3.5;4.2;84.3;0.8;5.0;5.9;4.1;2.1;1.2;0.3;1.7;35.3;2.0;0.0;0.4;0;1;0.0
Fred VanVleet;TOR;5;61;0;1;27;52;22;30;36.5;19.6;6.5;16.7;38.9;3.3;9.2;36.6;3.3;3.7;88.5;0.6;3.6;4.2;6.3;1.8;1.7;0.7;2.3;39.5;5.0;0.0;2.7;629 129;1;6.0
Malik Beasley;MIN;1;19;0;2;24;37;8;29;32.8;19.6;7.1;16.2;44.0;3.5;8.7;39.9;1.8;2.2;85.0;0.8;3.6;4.4;2.4;1.6;0.8;0.2;1.7;29.8;0.0;0.0;-5.3;244 189;1;85.0
Tobias Harris;PHI;2;19;0;5;28;62;44;18;32.5;19.5;7.6;14.9;51.2;1.3;3.4;39.4;2.9;3.3;89.2;1.0;5.8;6.8;3.5;1.7;0.9;0.8;1.9;36.4;11.0;0.0;5.2;452 609;1;33.0
Anthony Edwards;MIN;1;1;0;1;19;72;23;49;32.1;19.3;7.0;16.8;41.7;2.4;7.2;32.9;2.9;3.8;77.6;0.8;3.8;4.7;2.9;2.2;1.1;0.5;1.8;32.0;3.0;0.0;-3.2;4 621 905;1;10.0
Kemba Walker;BOS;2;9;4;2;31;43;22;21;31.8;19.3;6.6;15.7;42.0;3.0;8.2;36.0;3.1;3.5;89.9;0.4;3.6;4.0;4.9;2.0;1.1;0.3;1.4;33.6;0.0;0.0;2.2;0;0;0.0
Ja Morant;MEM;2;2;0;1;21;63;33;30;32.6;19.1;6.8;15.2;44.9;1.2;3.8;30.3;4.3;5.9;72.8;0.9;3.1;4.0;7.4;3.2;0.9;0.2;1.4;35.1;14.0;1.0;1.7;9 750 133;1;21.0
Michael Porter Jr.;DEN;2;14;0;1;23;61;40;21;31.3;19.0;7.3;13.4;54.2;2.8;6.3;44.5;1.7;2.2;79.1;1.5;5.8;7.3;1.1;1.3;0.7;0.9;2.1;32.9;15.0;0.0;5.9;0;1;0.0
D'Angelo Russell;MIN;1;2;1;4;25;42;16;26;28.5;19.0;6.7;15.5;43.1;2.9;7.4;38.7;2.7;3.5;76.5;0.4;2.3;2.6;5.8;2.7;1.1;0.4;1.6;32.7;6.0;0.0;-4.6;3 825 184;1;5.0
Bam Adebayo;MIA;4;14;1;1;23;64;34;30;33.5;18.7;7.1;12.5;57.0;0.0;0.1;25.0;4.4;5.5;79.9;2.2;6.7;9.0;5.4;2.6;1.2;1.0;2.3;41.5;33.0;2.0;0.4;1 093 383;1;15.0
Norman Powell;POR;1;46;0;2;28;69;32;37;32.0;18.6;6.3;13.3;47.7;2.5;6.0;41.1;3.4;3.9;87.1;0.6;2.5;3.1;1.9;1.7;1.2;0.3;2.3;27.8;0.0;0.0;1.1;314 227;1;39.0
Andrew Wiggins;GSW;1;1;0;2;26;71;38;33;33.3;18.6;7.1;14.9;47.7;2.0;5.2;38.0;2.4;3.4;71.4;1.2;3.7;4.9;2.4;1.8;0.9;1.0;2.2;32.0;3.0;0.0;0.0;2 138 198;1;17.0
Jordan Clarkson;UTA;2;46;0;3;29;68;49;19;26.7;18.4;6.7;15.8;42.5;3.1;8.8;34.7;1.9;2.1;89.6;0.7;3.3;4.0;2.5;1.7;0.9;0.1;1.6;28.4;0.0;0.0;4.4;2 046 880;1;6.0
Eric Gordon;HOU;5;7;0;3;32;27;10;17;29.2;17.8;5.9;13.6;43.3;2.6;7.8;32.9;3.5;4.2;82.5;0.3;1.9;2.1;2.6;1.9;0.5;0.5;1.6;25.4;0.0;0.0;-2.5;239 779;1;64.0
Jrue Holiday;MIL;1;17;1;3;31;59;41;18;32.3;17.7;7.0;13.9;50.3;1.9;4.8;39.2;1.8;2.3;78.7;1.2;3.3;4.5;6.1;2.2;1.6;0.6;1.7;36.9;10.0;0.0;6.4;898 147;1;1.0
John Collins;ATL;4;19;0;1;23;63;34;29;29.3;17.6;6.8;12.2;55.6;1.3;3.3;39.9;2.7;3.2;83.3;1.9;5.5;7.4;1.2;1.3;0.5;1.0;3.1;31.7;16.0;0.0;2.9;188 748;1;34.0
RJ Barrett;NYK;2;3;0;1;21;72;41;31;34.9;17.6;6.5;14.7;44.1;1.7;4.3;40.1;2.9;3.8;74.6;0.9;4.8;5.8;3.0;1.9;0.7;0.3;2.6;30.1;5.0;0.0;1.9;0;1;0.0
Darius Garland;CLE;2;5;0;1;21;54;18;36;33.1;17.4;6.7;14.9;45.1;1.9;4.9;39.5;2.1;2.4;84.8;0.4;2.0;2.4;6.1;3.0;1.2;0.1;2.0;30.4;6.0;0.0;-4.4;31;1;6.0
Kyle Lowry;TOR;9;24;6;3;35;46;15;31;34.8;17.2;5.7;13.0;43.6;2.8;7.2;39.6;3.0;3.5;87.5;0.8;4.6;5.4;7.3;2.7;1.0;0.3;3.1;35.8;9.0;2.0;-0.1;1 383 057;0;0.0
Dillon Brooks;MEM;4;45;0;1;25;67;36;31;29.8;17.2;6.4;15.4;41.9;1.9;5.6;34.4;2.4;2.9;81.5;0.8;2.1;2.9;2.3;1.8;1.2;0.4;3.5;27.1;0.0;0.0;2.3;201 303;1;28.0
Evan Fournier;BOS;1;20;0;3;28;42;18;24;30.0;17.1;5.9;12.9;45.7;2.8;6.7;41.3;2.6;3.3;78.8;0.2;2.8;3.0;3.4;1.7;1.1;0.5;2.3;28.9;0.0;0.0;-0.8;0;0;0.0
Jonas Valanciunas;MEM;2;5;0;2;29;62;32;30;28.3;17.1;7.1;12.0;59.2;0.3;0.9;36.8;2.5;3.3;77.3;4.1;8.4;12.5;1.8;1.6;0.6;0.9;2.9;37.6;49.0;0.0;2.2;265 604;1;5.0
Bojan Bogdanovic;UTA;2;31;0;4;32;72;52;20;30.8;17.0;5.6;12.8;43.9;2.5;6.4;39.0;3.2;3.7;87.9;0.6;3.3;3.9;1.9;1.8;0.6;0.1;1.6;24.8;0.0;0.0;5.8;0;1;0.0
Tim Hardaway Jr.;DAL;3;24;0;3;29;70;42;28;28.4;16.6;5.8;13.0;44.7;3.0;7.6;39.1;2.0;2.5;81.6;0.3;3.0;3.3;1.8;0.9;0.4;0.2;1.6;24.1;0.0;0.0;1.0;495 402;1;45.0
Kevin Porter Jr.;HOU;1;30;0;2;21;26;4;22;32.1;16.6;6.0;14.1;42.5;1.9;6.2;31.1;2.7;3.6;73.4;0.8;3.0;3.8;6.3;3.5;0.7;0.3;2.3;30.2;4.0;0.0;-8.6;0;1;25.0
Buddy Hield;SAC;4;6;0;2;28;71;31;40;34.3;16.6;5.7;14.0;40.6;4.0;10.2;39.1;1.2;1.5;84.6;0.4;4.3;4.7;3.6;1.8;0.9;0.4;2.5;29.7;2.0;0.0;-0.8;611 907;1;69.0
Chris Paul;PHX;1;4;11;5;36;70;49;21;31.4;16.4;6.3;12.6;49.9;1.5;3.7;39.5;2.4;2.6;93.4;0.4;4.1;4.5;8.9;2.2;1.4;0.3;2.4;37.9;25.0;1.0;4.4;11 631 755;1;64.0
Khyri Thomas;HOU;1;38;0;2;25;5;1;4;30.6;16.4;6.4;13.2;48.5;1.8;5.4;33.3;1.8;1.8;100.0;1.4;2.2;3.6;5.0;1.2;1.8;1.2;1.6;36.0;0.0;0.0;2.8;0;1;0.0
Bogdan Bogdanovic;ATL;1;27;0;2;28;44;30;14;29.7;16.4;6.1;12.8;47.3;3.3;7.6;43.8;0.9;1.0;90.9;0.5;3.2;3.6;3.3;1.2;1.1;0.3;2.3;28.7;0.0;0.0;2.5;821 691;1;50.0
Mike Conley;UTA;2;4;1;2;33;51;37;14;29.4;16.2;5.6;12.5;44.4;2.7;6.6;41.2;2.4;2.8;85.2;0.7;2.8;3.5;6.0;1.9;1.4;0.2;1.9;32.1;6.0;0.0;10.7;585 748;1;64.0
Harrison Barnes;SAC;3;7;0;3;29;58;25;33;36.2;16.1;5.5;11.1;49.7;1.7;4.4;39.1;3.4;4.1;83.0;1.1;5.5;6.6;3.5;1.6;0.7;0.2;1.3;30.4;6.0;0.0;-1.0;963 248;1;26.0
Elijah Bryant;MIL;1;61;0;1;26;1;0;1;31.6;16.0;6.0;13.0;46.2;1.0;5.0;20.0;3.0;3.0;100.0;2.0;4.0;6.0;3.0;4.0;0.0;1.0;4.0;26.7;0.0;0.0;11.0;0;1;0.0
OG Anunoby;TOR;4;23;0;1;23;43;18;25;33.3;15.9;5.8;12.1;48.0;2.4;6.1;39.8;1.9;2.4;78.4;1.3;4.3;5.5;2.2;1.7;1.5;0.7;2.7;30.8;3.0;0.0;2.7;295 572;1;17.0
LaMelo Ball;CHA;1;3;0;1;19;51;23;28;28.8;15.7;5.7;13.2;43.6;1.8;5.1;35.2;2.5;3.2;75.8;1.2;4.7;5.9;6.1;2.8;1.6;0.4;2.7;35.0;7.0;1.0;-1.6;10 615 858;1;19.0
Dejounte Murray;SAS;4;29;0;1;24;67;32;35;31.9;15.7;6.6;14.5;45.3;0.9;3.0;31.7;1.6;2.0;79.1;0.9;6.2;7.1;5.4;1.7;1.5;0.1;2.0;35.4;13.0;4.0;1.3;1 448 433;1;6.0
Terrence Ross;ORL;4;8;0;3;30;46;16;30;29.3;15.6;5.5;13.4;41.2;1.9;5.7;33.7;2.6;3.0;87.0;0.3;3.1;3.4;2.3;1.6;1.0;0.5;1.9;26.1;0.0;0.0;-5.1;0;1;0.0
T.J. Warren;IND;2;14;0;2;27;4;3;1;29.3;15.5;6.8;12.8;52.9;0.0;1.8;0.0;2.0;2.5;80.0;0.5;3.0;3.5;1.3;1.0;0.5;0.0;4.0;22.1;0.0;0.0;0.3;0;1;0.0
Kelly Oubre Jr.;GSW;1;16;0;4;25;55;27;28;30.7;15.4;5.8;13.2;43.9;1.6;5.2;31.6;2.2;3.2;69.5;1.5;4.5;6.0;1.3;1.3;1.0;0.8;2.2;28.7;6.0;0.0;-3.5;0;0;10.0
Dennis Schroder;LAL;1;17;0;4;27;61;38;23;32.1;15.4;5.4;12.5;43.7;1.2;3.5;33.5;3.4;4.0;84.8;0.5;3.0;3.5;5.8;2.7;1.1;0.2;2.6;29.6;6.0;0.0;1.4;6 162 405;1;0.0
Derrick White;SAS;4;29;0;2;26;36;18;18;29.5;15.4;5.2;12.6;41.1;2.3;6.8;34.6;2.7;3.2;85.1;0.4;2.6;3.0;3.5;1.3;0.7;1.0;2.5;28.1;0.0;0.0;2.6;413 404;1;47.0
Gary Trent Jr.;TOR;1;37;0;2;22;58;29;29;31.1;15.3;5.5;13.5;40.8;2.8;7.4;38.5;1.4;1.8;78.3;0.5;2.2;2.6;1.4;0.7;1.0;0.2;1.6;23.2;0.0;0.0;-1.0;0;1;6.0
Clint Capela;ATL;1;25;0;2;27;63;34;29;30.1;15.2;6.6;11.0;59.4;0.0;0.0;0.0;2.1;3.6;57.3;4.7;9.6;14.3;0.8;1.2;0.7;2.0;2.3;40.6;48.0;1.0;4.0;615 244;1;36.0
Tyler Herro;MIA;2;13;0;1;21;54;29;25;30.3;15.1;5.7;12.9;43.9;2.0;5.5;36.0;1.7;2.2;80.3;0.5;4.5;5.0;3.4;1.9;0.6;0.3;1.3;27.2;5.0;0.0;-1.6;2 341 475;1;30.0
Coby White;CHI;2;7;0;1;21;69;30;39;31.2;15.1;5.4;13.1;41.6;2.4;6.6;35.9;1.9;2.1;90.1;0.4;3.7;4.1;4.8;2.3;0.6;0.2;2.6;27.2;5.0;0.0;-1.6;407 980;1;37.0
De'Andre Hunter;ATL;2;4;0;1;23;23;12;11;29.5;15.0;5.2;10.8;48.4;1.3;4.1;32.6;3.2;3.7;85.9;0.7;4.0;4.8;1.9;1.3;0.8;0.5;2.6;26.3;1.0;0.0;3.7;102 044;1;39.0
Andre Drummond;LAL;1;9;2;4;27;46;19;27;27.0;14.9;6.1;12.4;49.3;0.0;0.2;0.0;2.7;4.5;60.0;3.6;8.4;12.0;2.0;2.7;1.4;1.1;3.2;37.0;28.0;0.0;-2.3;1 270 590;0;30.0
Devonte' Graham;CHA;3;34;0;1;26;55;23;32;30.2;14.8;4.6;12.2;37.7;3.3;8.7;37.5;2.4;2.9;84.2;0.4;2.3;2.7;5.4;1.5;0.9;0.1;1.4;27.5;3.0;0.0;1.8;0;0;0.0
Derrick Rose;NYK;1;1;3;5;32;50;28;22;25.6;14.7;5.7;12.2;47.0;1.0;2.6;38.8;2.2;2.5;86.6;0.4;2.2;2.6;4.2;1.6;1.0;0.4;1.1;26.6;1.0;0.0;2.7;184 266;1;0.0
Lonzo Ball;NOP;2;2;0;2;23;55;23;32;31.8;14.6;5.3;12.7;41.4;3.1;8.3;37.8;0.9;1.2;78.1;0.6;4.2;4.8;5.7;2.2;1.5;0.6;1.9;32.9;5.0;1.0;0.9;18 281 980;0;6.0
Kendrick Nunn;MIA;2;61;0;1;25;56;31;25;29.5;14.6;5.7;11.8;48.5;2.2;5.7;38.1;1.0;1.1;93.3;0.4;2.8;3.2;2.6;1.4;0.9;0.3;1.9;24.5;0.0;0.0;-0.1;0;0;0.0
Deandre Ayton;PHX;3;1;0;1;22;69;48;21;30.6;14.4;6.2;10.0;62.6;0.1;0.3;20.0;1.9;2.5;76.9;3.3;7.2;10.5;1.4;1.5;0.6;1.2;2.8;33.1;33.0;0.0;4.0;447 826;1;23.0
Jaren Jackson Jr.;MEM;3;4;0;1;21;11;4;7;23.5;14.4;4.8;11.4;42.4;1.5;5.5;28.3;3.2;3.8;83.3;1.5;4.1;5.6;1.1;1.4;1.1;1.6;3.8;29.6;0.0;0.0;-5.8;0;1;24.0
Thomas Bryant;WAS;3;42;0;2;23;10;2;8;27.1;14.3;5.9;9.1;64.8;0.9;2.1;42.9;1.6;2.4;66.7;1.8;4.3;6.1;1.5;1.1;0.4;0.8;3.1;26.4;1.0;0.0;-1.4;105 997;1;13.0
Rudy Gobert;UTA;8;27;2;1;29;71;52;19;30.8;14.3;5.5;8.2;67.5;0.0;0.1;0.0;3.3;5.3;62.3;3.4;10.1;13.5;1.3;1.7;0.6;2.7;2.3;40.5;49.0;0.0;10.3;833 896;1;18.0
Ben Simmons;PHI;4;1;3;1;24;58;42;16;32.4;14.3;5.6;10.1;55.7;0.1;0.2;30.0;3.0;4.9;61.3;1.6;5.6;7.2;6.9;3.0;1.6;0.6;2.9;36.9;13.0;4.0;5.7;7 342 622;1;6.0
Richaun Holmes;SAC;2;37;0;3;27;61;29;32;29.2;14.2;6.0;9.4;63.7;0.0;0.2;18.2;2.2;2.8;79.4;2.4;5.9;8.3;1.7;1.2;0.6;1.6;3.5;32.1;21.0;0.0;0.1;62 043;1;35.0
Al Horford;BOS;1;3;5;4;35;28;11;17;27.9;14.2;5.8;12.9;45.0;2.0;5.4;36.8;0.6;0.8;81.8;1.0;5.7;6.7;3.4;1.0;0.9;0.9;1.7;31.7;1.0;0.0;-3.6;746 749;1;10.0
Marvin Bagley III;SAC;3;2;0;1;22;43;20;23;25.9;14.1;5.7;11.4;50.4;0.9;2.5;34.3;1.8;3.1;57.5;2.5;4.9;7.4;1.0;1.4;0.5;0.5;2.3;26.1;11.0;0.0;-2.0;492 741;1;30.0
Joe Harris;BKN;5;33;0;2;29;69;45;24;31.0;14.1;5.2;10.2;50.5;3.1;6.4;47.5;0.7;0.9;77.8;0.6;3.0;3.6;1.9;0.9;0.7;0.2;2.0;23.0;0.0;0.0;5.1;0;1;0.0
Luguentz Dort;OKC;2;61;0;1;22;52;18;34;29.7;14.0;4.8;12.3;38.7;2.2;6.3;34.3;2.3;3.2;74.4;0.7;2.9;3.6;1.7;1.5;0.9;0.4;2.6;23.1;0.0;0.0;-4.8;222 482;1;39.0
Rui Hachimura;WAS;2;9;0;1;23;57;29;28;31.5;13.8;5.4;11.4;47.8;0.8;2.4;32.8;2.2;2.8;77.0;0.9;4.6;5.5;1.4;1.2;0.8;0.1;2.1;24.1;3.0;0.0;-1.9;921 765;1;50.0
Darius Bazley;OKC;2;23;0;1;21;55;16;39;31.2;13.7;5.0;12.5;39.6;1.5;5.2;29.0;2.3;3.2;70.2;0.9;6.3;7.2;1.8;2.2;0.5;0.5;1.1;25.8;11.0;0.0;-8.7;97 959;1;0.0
Chris Boucher;TOR;3;61;0;2;28;60;25;35;24.2;13.6;4.8;9.3;51.4;1.5;3.9;38.3;2.5;3.2;78.8;2.0;4.8;6.7;1.1;0.8;0.6;1.9;2.8;29.8;12.0;0.0;1.6;172 247;1;25.0
Lauri Markkanen;CHI;4;7;0;2;24;51;20;31;25.8;13.6;4.9;10.2;48.0;2.3;5.8;40.2;1.5;1.8;82.6;0.7;4.6;5.3;0.9;1.0;0.5;0.3;1.5;22.6;2.0;0.0;-0.9;436 189;0;0.0
Doug McDermott;IND;1;11;0;5;29;66;32;34;24.5;13.6;5.4;10.1;53.2;1.7;4.3;38.8;1.2;1.5;81.6;0.9;2.4;3.3;1.3;0.8;0.3;0.1;1.8;20.0;0.0;0.0;-0.7;224 780;0;49.0
LaMarcus Aldridge;BKN;1;2;7;3;35;26;15;11;25.9;13.5;5.4;11.4;47.3;1.2;3.1;38.8;1.6;1.8;87.2;0.7;3.8;4.5;1.9;1.0;0.4;1.1;1.8;25.4;1.0;0.0;-1.3;0;1;0.0
Kelly Olynyk;HOU;1;13;0;4;30;70;26;44;28.5;13.5;4.8;10.0;48.4;1.8;5.3;34.2;2.1;2.5;82.9;1.2;5.7;7.0;2.9;1.8;1.1;0.6;3.0;29.6;12.0;0.0;-1.4;170 628;0;14.0
Montrezl Harrell;LAL;1;32;0;3;27;69;41;28;22.9;13.5;5.4;8.7;62.2;0.0;0.1;0.0;2.6;3.7;70.7;2.3;3.9;6.2;1.1;1.1;0.7;0.7;1.9;25.6;8.0;0.0;0.6;0;1;0.0
Mikal Bridges;PHX;3;10;0;1;24;72;51;21;32.6;13.5;5.0;9.3;54.3;1.9;4.4;42.5;1.5;1.8;84.0;1.1;3.2;4.3;2.1;0.8;1.1;0.9;1.6;26.8;2.0;0.0;4.7;469 529;1;38.0
Goran Dragic;MIA;6;45;1;4;35;50;30;20;26.7;13.4;4.8;11.1;43.2;1.8;4.9;37.3;2.0;2.4;82.8;0.5;2.9;3.4;4.4;2.4;0.7;0.2;2.3;24.2;1.0;0.0;0.8;0;1;0.0
Marcus Morris Sr.;LAC;2;14;0;5;31;57;38;19;26.3;13.4;4.8;10.2;47.3;2.5;5.2;47.3;1.3;1.6;82.0;0.6;3.5;4.1;1.0;1.0;0.6;0.3;2.1;21.5;0.0;0.0;2.3;0;1;0.0
Carmelo Anthony;POR;2;3;10;5;37;69;39;30;24.5;13.4;4.7;11.3;42.1;1.9;4.7;40.9;2.0;2.2;89.0;0.5;2.6;3.1;1.5;0.9;0.7;0.6;2.1;22.1;0.0;0.0;-0.3;0;0;0.0
Josh Jackson;DET;1;4;0;3;24;62;16;46;25.2;13.4;4.8;11.4;41.9;1.2;4.1;30.0;2.6;3.5;72.9;0.9;3.2;4.1;2.3;2.3;0.9;0.8;2.9;24.3;2.0;0.0;-2.0;0;1;0.0
Danilo Gallinari;ATL;1;6;0;5;32;51;29;22;24.0;13.3;4.0;9.3;43.4;2.0;5.0;40.6;3.2;3.4;92.5;0.3;3.8;4.1;1.5;0.8;0.6;0.2;2.1;22.0;2.0;0.0;1.8;0;1;0.0
Duncan Robinson;MIA;3;61;0;1;27;72;40;32;31.4;13.1;4.4;10.0;43.9;3.5;8.5;40.8;0.9;1.0;82.7;0.1;3.4;3.5;1.8;1.1;0.6;0.3;2.5;21.4;1.0;0.0;1.6;279 491;1;0.0
Marcus Smart;BOS;7;6;0;1;27;48;24;24;32.9;13.1;4.2;10.6;39.8;1.9;5.9;33.0;2.7;3.4;79.0;0.8;2.7;3.5;5.7;2.0;1.5;0.5;2.6;29.7;3.0;0.0;1.9;804 989;1;44.0
Tyrese Haliburton;SAC;1;12;0;1;21;58;25;33;30.1;13.0;5.0;10.7;47.2;2.1;5.1;40.9;0.8;1.0;85.7;0.7;2.3;3.0;5.3;1.6;1.3;0.5;1.4;28.4;5.0;0.0;-3.1;1 208 014;1;9.0
Shake Milton;PHI;3;54;0;1;24;63;46;17;23.2;13.0;4.8;10.6;45.0;1.1;3.2;35.0;2.3;2.8;83.0;0.5;1.8;2.3;3.1;1.6;0.6;0.3;2.1;21.5;0.0;0.0;2.1;67 664;1;17.0
Markelle Fultz;ORL;2;1;0;2;23;8;6;2;26.9;12.9;5.1;13.0;39.4;0.5;2.0;25.0;2.1;2.4;89.5;0.6;2.5;3.1;5.4;2.3;1.0;0.3;2.3;26.2;1.0;0.0;-3.6;0;1;0.0
P.J. Washington;CHA;2;12;0;1;22;64;31;33;30.5;12.9;4.7;10.7;44.0;1.8;4.5;38.6;1.7;2.3;74.5;1.5;5.1;6.5;2.5;2.0;1.1;1.2;2.7;29.4;10.0;0.0;0.5;866 339;1;0.0
Cole Anthony;ORL;1;15;0;1;21;47;13;34;27.1;12.9;4.7;11.7;39.7;1.2;3.7;33.7;2.3;2.8;83.2;0.8;3.9;4.7;4.1;2.3;0.6;0.4;2.1;25.5;0.0;0.0;-6.9;658 250;1;30.0
Kyle Kuzma;LAL;4;27;0;1;25;68;40;28;28.7;12.9;4.9;11.1;44.3;2.0;5.6;36.1;1.0;1.4;69.1;1.6;4.5;6.1;1.9;1.7;0.5;0.6;1.8;24.7;13.0;0.0;0.0;4 768 934;1;24.0
Jarrett Allen;CLE;1;22;0;2;23;63;20;43;29.6;12.8;4.7;7.7;61.8;0.1;0.3;31.6;3.2;4.6;70.3;3.1;6.9;10.0;1.7;1.6;0.5;1.4;1.5;31.6;25.0;0.0;-3.2;276 414;1;41.0
Keldon Johnson;SAS;2;29;0;1;21;69;32;37;28.5;12.8;4.9;10.2;47.9;0.9;2.6;33.1;2.1;2.8;74.0;1.3;4.6;6.0;1.8;1.1;0.6;0.3;2.1;24.2;8.0;0.0;-2.5;161 538;1;46.0
Miles Bridges;CHA;3;12;0;1;23;66;31;35;29.3;12.7;4.7;9.4;50.3;1.8;4.4;40.0;1.5;1.7;86.7;1.2;4.8;6.0;2.2;1.6;0.7;0.8;2.2;26.0;11.0;0.0;-0.1;606 044;1;6.0
Alec Burks;NYK;1;12;0;5;29;49;27;22;25.6;12.7;4.3;10.2;42.0;2.1;5.0;41.5;2.1;2.4;85.6;0.4;4.2;4.6;2.2;1.0;0.6;0.3;2.1;23.3;3.0;0.0;2.6;0;1;15.0
Will Barton;DEN;6;40;0;2;30;56;37;19;31.0;12.7;4.6;10.9;42.6;1.8;4.6;38.1;1.7;2.2;78.5;0.7;3.3;4.0;3.2;1.7;0.9;0.4;1.7;24.6;0.0;0.0;4.1;0;1;0.0
Jalen Brunson;DAL;3;33;0;1;24;68;40;28;25.0;12.6;4.8;9.2;52.3;1.2;2.9;40.5;1.8;2.2;79.5;0.4;3.0;3.4;3.5;1.2;0.5;0.0;1.6;22.4;1.0;0.0;2.4;761 935;1;32.0
Myles Turner;IND;6;11;0;1;25;47;22;25;31.0;12.6;4.4;9.2;47.7;1.5;4.4;33.5;2.4;3.0;78.2;1.3;5.2;6.5;1.0;1.4;0.9;3.4;3.5;33.2;7.0;0.0;0.5;328 827;1;24.0
Seth Curry;PHI;1;61;0;6;30;57;39;18;28.7;12.5;4.5;9.7;46.7;2.2;4.9;45.0;1.2;1.4;89.6;0.2;2.2;2.4;2.7;1.1;0.8;0.1;1.7;21.0;0.0;0.0;5.6;2 007 786;1;24.0
Kyle Anderson;MEM;3;30;0;2;27;69;36;33;27.4;12.4;4.5;9.5;46.8;1.4;3.8;36.0;2.1;2.7;78.3;0.8;5.0;5.7;3.6;1.2;1.2;0.8;1.7;29.6;3.0;0.0;0.7;183 982;1;39.0
Aaron Gordon;DEN;1;4;0;2;25;50;29;21;27.7;12.4;4.6;10.0;46.3;1.2;3.5;33.5;1.9;3.0;65.1;1.5;4.1;5.7;3.2;1.9;0.7;0.7;1.8;26.1;3.0;1.0;1.2;1 233 756;1;40.0
Brook Lopez;MIL;3;10;1;3;33;70;46;24;27.2;12.3;4.6;9.1;50.3;1.4;4.0;33.8;1.7;2.0;84.5;1.5;3.5;5.0;0.7;0.9;0.6;1.5;2.1;24.5;3.0;0.0;4.5;92 462;1;36.0
Saddiq Bey;DET;1;19;0;1;22;70;19;51;27.3;12.2;4.0;9.9;40.4;2.5;6.6;38.0;1.8;2.1;84.4;0.6;3.9;4.5;1.4;0.9;0.7;0.2;1.6;21.7;3.0;0.0;-3.0;60 999;1;38.0
Eric Bledsoe;NOP;1;18;0;4;31;71;31;40;29.7;12.2;4.3;10.3;42.1;1.7;5.0;34.1;1.9;2.7;68.7;0.4;3.0;3.4;3.8;1.6;0.8;0.3;1.6;23.8;4.0;0.0;-0.9;0;1;0.0
Kevin Love;CLE;7;5;5;2;32;25;7;18;24.9;12.2;4.1;10.1;40.9;2.3;6.2;36.5;1.7;2.0;82.4;0.7;6.8;7.4;2.5;1.5;0.6;0.1;1.0;25.5;5.0;0.0;-2.9;3 520 964;1;94.0
Josh Richardson;DAL;1;40;0;4;27;59;35;24;30.3;12.1;4.5;10.5;42.7;1.5;4.5;33.0;1.7;1.8;91.7;0.9;2.4;3.3;2.6;1.3;1.0;0.4;2.2;23.0;0.0;0.0;-0.8;254 051;1;0.0
Thaddeus Young;CHI;2;12;0;6;33;68;30;38;24.3;12.1;5.4;9.7;55.9;0.2;0.7;26.7;1.0;1.7;62.8;2.5;3.8;6.2;4.3;2.0;1.1;0.6;2.2;29.0;7.0;0.0;2.1;0;1;0.0
Joe Ingles;UTA;7;61;0;1;33;67;47;20;27.9;12.1;4.1;8.4;48.9;2.7;6.1;45.1;1.1;1.3;84.4;0.4;3.2;3.6;4.7;1.7;0.7;0.2;1.8;24.4;2.0;0.0;6.8;0;1;99.0
Jordan Poole;GSW;2;28;0;1;22;51;28;23;19.4;12.0;4.0;9.3;43.2;1.9;5.4;35.1;2.1;2.3;88.2;0.3;1.5;1.8;1.9;1.0;0.5;0.2;1.7;18.1;0.0;0.0;0.6;2 267 751;1;17.0
Kevin Huerter;ATL;3;19;0;1;22;69;40;29;30.8;11.9;4.6;10.6;43.2;2.0;5.6;36.3;0.7;0.9;78.1;0.6;2.8;3.3;3.5;1.1;1.2;0.3;2.4;24.4;3.0;0.0;1.0;129 378;1;0.0
Malik Monk;CHA;4;11;0;1;23;42;19;23;20.9;11.7;4.1;9.5;43.4;2.0;5.0;40.1;1.4;1.7;81.9;0.3;2.1;2.4;2.1;1.3;0.5;0.1;1.1;18.0;0.0;0.0;0.8;565 084;0;0.0
Hamidou Diallo;DET;1;45;0;2;22;52;18;34;23.6;11.6;4.3;9.0;47.7;0.5;1.6;34.1;2.5;3.8;64.0;1.1;4.1;5.2;1.9;1.5;0.8;0.5;2.6;23.1;7.0;0.0;-3.7;0;1;0.0
Davis Bertans;WAS;2;42;0;3;28;57;29;28;25.7;11.5;3.4;8.4;40.4;3.0;7.5;39.5;1.8;2.0;87.0;0.3;2.6;2.9;0.9;0.6;0.6;0.2;2.4;18.2;0.0;0.0;1.9;0;1;0.0
James Wiseman;GSW;1;2;0;1;20;39;18;21;21.4;11.5;4.9;9.4;51.9;0.3;1.0;31.6;1.4;2.2;62.8;1.4;4.4;5.8;0.7;1.5;0.3;0.9;3.1;21.5;3.0;0.0;-4.7;476 036;1;0.0
Jusuf Nurkic;POR;4;16;0;2;26;37;22;15;23.8;11.5;4.6;9.0;51.4;0.3;0.8;40.0;1.9;3.1;61.9;2.3;6.6;9.0;3.4;2.0;1.0;1.1;2.8;31.6;13.0;0.0;3.4;393 866;1;6.0
Bobby Portis;MIL;1;22;0;4;26;66;44;22;20.8;11.4;4.7;9.1;52.3;1.1;2.4;47.1;0.8;1.1;74.0;1.9;5.2;7.1;1.1;0.8;0.8;0.4;1.7;24.2;12.0;0.0;2.1;315 211;1;0.0
Immanuel Quickley;NYK;1;25;0;1;22;64;37;27;19.4;11.4;3.6;9.1;39.5;1.8;4.7;38.9;2.4;2.7;89.1;0.4;1.8;2.1;2.0;0.9;0.5;0.2;1.8;18.0;0.0;0.0;2.8;277 098;1;25.0
Rudy Gay;SAS;4;8;0;5;34;63;29;34;21.6;11.4;4.2;10.0;42.0;1.7;4.4;38.1;1.3;1.6;80.4;0.7;4.1;4.8;1.4;1.0;0.7;0.6;1.8;22.2;1.0;0.0;2.1;0;0;0.0
Lou Williams;ATL;2;45;0;6;34;66;44;22;21.6;11.3;4.0;9.8;41.0;1.0;2.6;39.9;2.3;2.6;86.7;0.3;1.8;2.1;3.4;1.6;0.7;0.1;0.9;19.7;2.0;0.0;1.2;0;1;0.0
Jae'Sean Tate;HOU;1;61;0;1;25;70;17;53;29.2;11.3;4.5;8.9;50.6;0.9;2.8;30.8;1.5;2.1;69.4;1.9;3.5;5.3;2.5;1.4;1.2;0.5;3.2;25.4;3.0;0.0;-2.7;0;1;0.0
Cam Reddish;ATL;2;10;0;2;21;26;10;16;28.9;11.2;3.7;10.1;36.5;1.3;4.8;26.2;2.6;3.2;81.7;0.8;3.2;4.0;1.3;1.3;1.3;0.3;2.6;21.6;0.0;0.0;-1.9;0;1;0.0
Wendell Carter Jr.;ORL;1;7;0;2;22;54;21;33;25.5;11.2;4.3;8.5;50.3;0.3;0.9;29.4;2.4;3.3;73.2;2.4;5.8;8.2;1.9;1.4;0.6;0.8;2.7;26.8;13.0;0.0;-4.5;0;1;57.0
Naz Reid;MIN;2;61;0;1;21;70;22;48;19.2;11.2;4.3;8.3;52.3;0.9;2.5;35.1;1.6;2.4;69.3;1.2;3.4;4.6;1.0;1.0;0.5;1.1;2.6;22.0;1.0;0.0;-4.2;323 284;1;34.0
Enes Freedom;POR;1;3;0;5;29;72;42;30;24.4;11.2;4.7;7.8;60.4;0.0;0.1;25.0;1.8;2.3;77.4;3.9;7.1;11.0;1.2;1.1;0.5;0.7;2.3;28.5;34.0;0.0;2.2;0;0;0.0
Armoni Brooks;HOU;1;61;0;1;23;20;3;17;26.0;11.2;3.9;9.6;40.6;3.0;7.9;38.2;0.4;0.6;58.3;0.5;2.9;3.4;1.5;1.1;0.6;0.3;1.7;18.9;0.0;0.0;-6.8;0;1;0.0
Lonnie Walker IV;SAS;3;18;0;1;22;60;28;32;25.4;11.2;4.3;10.2;42.0;1.7;4.7;35.5;1.0;1.2;81.4;0.2;2.4;2.6;1.7;1.1;0.5;0.3;1.7;17.9;0.0;0.0;-3.5;0;1;46.0
Serge Ibaka;LAC;1;24;0;4;31;41;24;17;23.3;11.1;4.5;8.9;51.0;1.0;2.8;33.9;1.0;1.3;81.1;1.8;4.9;6.7;1.8;1.1;0.2;1.1;1.9;24.9;5.0;0.0;3.8;0;1;0.0
Nickeil Alexander-Walker;NOP;2;17;0;2;22;46;20;26;21.9;11.0;4.2;10.0;41.9;1.7;4.8;34.7;1.0;1.4;72.7;0.3;2.8;3.1;2.2;1.5;1.0;0.5;1.9;21.1;0.0;0.0;-1.1;163 279;1;39.0
Jeff Green;BKN;1;5;0;10;34;68;44;24;27.0;11.0;3.8;7.8;49.2;1.5;3.7;41.2;1.8;2.4;77.6;0.5;3.4;3.9;1.6;0.8;0.5;0.4;1.8;20.0;0.0;0.0;1.7;0;0;78.0
Blake Griffin;BKN;1;1;6;3;32;46;24;22;25.8;11.0;3.8;8.9;42.3;1.5;4.5;34.1;1.9;2.5;74.4;0.8;4.1;4.9;3.0;1.3;0.7;0.3;2.4;23.1;2.0;0.0;1.3;0;1;0.0
Dwayne Bacon;ORL;1;40;0;2;25;72;21;51;25.7;10.9;4.1;10.1;40.2;0.8;2.9;28.5;2.0;2.4;82.4;0.4;2.7;3.1;1.3;0.6;0.6;0.1;1.4;18.1;0.0;0.0;-6.2;0;0;0.0
Reggie Bullock Jr.;NYK;1;25;0;5;30;65;38;27;30.0;10.9;3.8;8.6;44.2;2.5;6.1;41.0;0.8;0.8;90.9;0.2;3.2;3.4;1.5;0.7;0.8;0.2;2.2;19.5;0.0;0.0;1.6;0;1;0.0
Oshae Brissett;IND;1;61;0;2;23;21;10;11;24.7;10.9;3.5;7.2;48.3;1.6;3.7;42.3;2.4;3.1;76.9;1.4;4.1;5.5;0.9;0.5;0.9;1.0;1.5;23.9;5.0;0.0;2.8;0;1;0.0
Patty Mills;SAS;10;55;0;3;32;68;31;37;24.8;10.8;3.7;9.0;41.2;2.4;6.3;37.5;1.0;1.1;91.0;0.3;1.4;1.7;2.4;1.0;0.6;0.0;1.2;17.5;0.0;0.0;0.4;622 492;0;98.0
Cameron Oliver;HOU;1;61;0;1;24;4;1;3;21.8;10.8;4.8;8.3;57.6;1.0;3.3;30.8;0.3;1.0;25.0;1.3;4.0;5.3;1.3;0.8;0.5;1.0;2.8;22.7;1.0;0.0;-2.8;0;1;0.0
Ty Jerome;OKC;1;24;0;2;23;33;7;26;23.9;10.7;3.9;8.7;44.6;2.2;5.1;42.3;0.8;1.0;76.5;0.3;2.5;2.8;3.6;1.4;0.6;0.2;1.8;20.4;0.0;0.0;-4.1;95 013;1;0.0
Reggie Jackson;LAC;2;24;0;3;31;67;43;24;23.0;10.7;3.9;8.7;45.0;1.8;4.2;43.3;1.0;1.2;81.7;0.4;2.5;2.9;3.1;1.1;0.6;0.1;1.9;19.7;0.0;0.0;3.7;215 917;1;0.0
Grayson Allen;MEM;1;21;0;2;25;50;26;24;25.2;10.6;3.5;8.3;41.8;2.1;5.5;39.1;1.6;1.8;86.8;0.4;2.8;3.2;2.2;1.0;0.9;0.2;1.4;20.0;0.0;0.0;0.2;373 387;1;48.0
Justin Holiday;IND;2;61;0;6;32;72;34;38;30.3;10.5;3.6;8.7;41.3;2.4;6.3;38.2;0.9;1.2;78.8;0.4;3.1;3.6;1.7;0.8;1.0;0.6;1.9;21.3;0.0;0.0;-0.6;0;1;0.0
Donte DiVincenzo;MIL;3;17;0;1;24;66;44;22;27.5;10.4;3.8;9.1;42.0;2.0;5.2;37.9;0.8;1.1;71.8;1.2;4.5;5.8;3.1;1.4;1.1;0.2;1.7;24.5;5.0;0.0;4.6;0;1;0.0
Cedi Osman;CLE;4;31;0;1;26;59;17;42;25.6;10.4;3.7;9.9;37.4;1.7;5.5;30.6;1.3;1.6;80.0;0.6;2.8;3.4;2.9;1.4;0.9;0.2;2.0;20.7;2.0;0.0;-5.5;0;1;0.0
Mason Plumlee;DET;1;22;0;4;31;56;14;42;26.8;10.4;4.2;6.8;61.4;0.0;0.1;0.0;2.0;3.0;66.9;2.6;6.7;9.3;3.6;1.9;0.8;0.9;3.3;30.0;16.0;2.0;-2.7;1 005;1;49.0
Brandon Clarke;MEM;2;21;0;1;24;59;32;27;24.0;10.3;4.3;8.4;51.7;0.3;1.3;26.0;1.3;1.9;69.0;1.6;3.9;5.6;1.6;0.6;1.0;0.9;1.4;24.5;3.0;0.0;-0.3;105 130;1;49.0
Delon Wright;SAC;1;20;0;4;29;63;21;42;27.7;10.2;3.8;8.2;46.3;1.0;2.7;37.2;1.6;2.0;80.2;1.0;3.2;4.3;4.4;1.3;1.6;0.5;1.2;26.9;3.0;0.0;-1.7;118 358;1;14.0
Monte Morris;DEN;4;51;0;1;26;47;30;17;25.5;10.2;4.0;8.2;48.1;1.1;2.9;38.1;1.2;1.6;79.5;0.2;1.8;2.0;3.2;0.7;0.7;0.3;1.0;19.7;0.0;0.0;3.3;284 518;1;0.0
Elfrid Payton;NYK;1;10;0;4;27;63;36;27;23.6;10.1;4.3;9.9;43.2;0.4;1.6;28.6;1.2;1.7;68.2;1.0;2.4;3.4;3.2;1.6;0.7;0.1;1.8;20.1;0.0;0.0;-1.6;0;0;5.0
Theo Maledon;OKC;1;34;0;1;20;65;20;45;27.3;10.1;3.5;9.4;36.8;1.6;4.8;33.5;1.6;2.1;74.8;0.4;2.9;3.2;3.5;2.2;0.9;0.2;1.9;20.2;1.0;0.0;-9.6;0;1;0.0
Jeremy Lamb;IND;2;12;0;3;29;36;16;20;21.3;10.1;3.3;7.7;43.5;1.4;3.6;40.6;2.0;2.1;94.7;0.7;2.9;3.6;1.5;0.6;0.9;0.6;2.0;20.8;0.0;0.0;-0.4;0;1;0.0
Jae Crowder;PHX;1;34;0;7;30;60;42;18;27.5;10.1;3.3;8.2;40.4;2.5;6.3;38.9;1.0;1.3;76.0;0.5;4.2;4.7;2.1;0.9;0.8;0.5;2.1;21.7;0.0;0.0;3.6;0;1;108.0
Bryn Forbes;MIL;1;61;0;2;27;70;45;25;19.3;10.0;3.6;7.6;47.3;2.2;4.9;45.2;0.7;0.9;77.0;0.2;1.4;1.6;0.6;0.6;0.3;0.0;1.1;13.3;1.0;0.0;1.4;0;0;0.0
Gary Harris;ORL;1;19;0;2;26;39;15;24;27.7;9.9;3.5;8.8;40.0;1.2;3.6;34.0;1.6;2.0;82.1;0.5;1.5;2.0;2.0;0.9;0.7;0.3;1.8;17.4;0.0;0.0;-2.1;139 499;1;5.0
Dorian Finney-Smith;DAL;5;61;0;1;28;60;36;24;32.0;9.8;3.7;7.8;47.2;2.0;5.0;39.4;0.5;0.7;75.6;1.6;3.8;5.4;1.7;0.8;0.9;0.4;2.3;22.0;1.0;0.0;3.3;153 629;1;0.0
Frank Jackson;DET;1;31;0;3;23;40;13;27;18.5;9.8;3.4;7.3;45.7;1.5;3.8;40.7;1.5;1.9;81.3;0.4;1.8;2.2;0.9;0.9;0.4;0.0;1.3;14.0;0.0;0.0;-0.3;0;1;0.0
Kentavious Caldwell-Pope;LAL;4;8;0;2;28;67;39;28;28.4;9.7;3.3;7.6;43.1;1.8;4.4;41.0;1.4;1.7;86.6;0.4;2.3;2.7;1.9;1.0;0.9;0.4;1.7;18.8;1.0;0.0;2.1;1 314 032;1;6.0
Mike Muscala;OKC;2;44;0;3;29;35;15;20;18.4;9.7;3.4;7.6;44.6;1.9;5.3;37.0;0.9;1.0;91.7;0.5;3.2;3.8;0.8;0.6;0.2;0.3;1.5;16.4;0.0;0.0;0.5;0;1;0.0
Otto Porter Jr.;ORL;2;3;0;3;28;28;12;16;21.7;9.7;3.5;8.1;43.2;1.4;3.7;37.5;1.3;1.5;85.7;1.0;4.4;5.4;2.0;0.9;0.6;0.1;1.5;20.4;2.0;0.0;-1.5;0;0;0.0
Daniel Theis;CHI;1;61;0;3;29;65;28;37;24.6;9.6;3.9;7.2;54.1;0.8;2.3;32.2;1.1;1.7;67.3;1.4;4.0;5.5;1.7;1.0;0.6;0.9;2.6;22.2;6.0;0.0;-0.5;178 848;0;0.0
Isaac Okoro;CLE;1;5;0;1;20;67;20;47;32.4;9.6;3.5;8.3;42.0;0.9;3.2;29.0;1.7;2.3;72.6;1.0;2.1;3.1;1.9;1.3;0.9;0.4;2.8;18.8;1.0;0.0;-6.1;170 222;1;62.0
Wayne Ellington;DET;1;28;0;9;33;46;13;33;22.0;9.6;3.2;7.3;44.1;2.5;6.0;42.2;0.6;0.8;80.0;0.3;1.6;1.8;1.5;0.7;0.4;0.2;1.3;15.1;0.0;0.0;-1.5;0;0;0.0
Cameron Johnson;PHX;2;11;0;1;25;60;43;17;24.0;9.6;3.4;8.1;42.0;2.0;5.6;34.9;0.8;1.0;84.7;0.6;2.8;3.3;1.4;0.7;0.6;0.3;1.4;17.7;0.0;0.0;2.9;242 947;1;37.0
Eric Paschall;GSW;2;41;0;2;24;40;20;20;17.4;9.5;3.7;7.5;49.7;0.5;1.4;33.3;1.7;2.4;71.3;0.7;2.5;3.2;1.3;1.1;0.3;0.2;1.7;15.6;0.0;0.0;-2.8;0;1;0.0
Taurean Prince;CLE;1;12;0;3;27;41;15;26;22.1;9.5;3.2;8.0;40.1;1.5;3.8;40.0;1.6;1.9;85.5;0.5;3.0;3.5;1.9;1.1;0.7;0.6;1.8;19.0;0.0;0.0;-3.1;237 101;1;35.0
Danny Green;PHI;2;46;0;6;34;69;46;23;28.0;9.5;3.2;7.9;41.2;2.5;6.3;40.5;0.4;0.6;77.5;0.8;3.0;3.8;1.7;1.0;1.3;0.8;1.8;22.0;1.0;0.0;4.5;0;1;0.0
Trevor Ariza;MIA;1;43;0;10;36;30;17;13;28.0;9.4;3.3;8.0;41.1;1.7;4.8;35.0;1.1;1.5;77.3;0.9;3.9;4.8;1.8;0.7;1.0;0.6;1.8;22.1;1.0;0.0;1.3;0;0;0.0
Cody Zeller;CHA;8;4;0;1;28;48;21;27;20.9;9.4;3.8;6.8;55.9;0.1;0.6;14.3;1.8;2.5;71.4;2.5;4.4;6.8;1.8;1.1;0.6;0.4;2.5;22.0;8.0;0.0;0.9;44 596;0;26.0
Larry Nance Jr.;CLE;3;27;0;3;28;35;13;22;31.2;9.3;3.7;7.8;47.1;1.2;3.3;36.0;0.9;1.4;61.2;1.5;5.2;6.7;3.1;1.6;1.7;0.5;2.1;27.1;5.0;0.0;-3.9;0;1;0.0
KJ Martin;HOU;1;52;0;1;20;45;10;35;23.7;9.3;3.6;7.1;50.9;0.8;2.1;36.5;1.3;1.9;71.4;1.6;3.8;5.4;1.1;0.8;0.7;0.9;2.0;21.3;4.0;0.0;-6.3;0;1;0.0
Landry Shamet;BKN;1;26;0;3;24;61;39;22;23.0;9.3;3.0;7.5;40.8;2.1;5.5;38.7;1.1;1.3;84.6;0.2;1.7;1.8;1.6;0.8;0.5;0.2;1.5;15.2;0.0;0.0;0.9;0;1;126.0
Josh Hart;NOP;2;30;0;3;26;47;21;26;28.7;9.2;3.2;7.3;43.9;1.3;4.1;32.6;1.5;1.9;77.5;1.1;6.9;8.0;2.3;1.0;0.8;0.3;2.4;24.5;7.0;0.0;0.0;917 686;1;5.0
Patrick Williams;CHI;1;4;0;1;19;71;30;41;27.9;9.2;3.6;7.4;48.3;0.8;1.9;39.1;1.3;1.8;72.8;0.9;3.7;4.6;1.4;1.4;0.9;0.6;1.8;20.1;3.0;0.0;-4.1;10 331;1;39.0
David Nwaba;HOU;1;61;0;4;28;30;8;22;22.6;9.2;3.5;7.3;48.6;0.6;2.1;27.0;1.6;2.3;69.1;1.3;2.6;3.9;1.0;0.6;1.0;0.7;2.0;20.0;1.0;0.0;-0.9;0;1;0.0
Desmond Bane;MEM;1;30;0;1;23;68;36;32;22.3;9.2;3.4;7.3;46.9;1.7;4.0;43.2;0.6;0.7;81.6;0.5;2.6;3.1;1.7;0.9;0.6;0.2;1.8;17.1;0.0;0.0;0.2;248 402;1;21.0
Furkan Korkmaz;PHI;4;26;0;1;23;55;39;16;19.3;9.1;3.1;7.7;40.1;1.8;4.9;37.5;1.1;1.5;73.2;0.3;1.7;2.1;1.5;0.8;0.9;0.2;1.2;16.1;0.0;0.0;2.6;0;1;0.0
De'Anthony Melton;MEM;2;46;0;2;23;52;27;25;20.1;9.1;3.3;7.6;43.8;1.7;4.1;41.2;0.8;1.0;80.4;0.6;2.5;3.1;2.5;1.3;1.2;0.6;1.6;20.6;1.0;0.0;2.3;99 135;1;0.0
Robin Lopez;WAS;1;15;0;6;33;71;34;37;19.1;9.0;3.8;6.0;63.3;0.1;0.3;27.8;1.4;1.9;72.3;2.0;1.8;3.8;0.8;1.1;0.2;0.6;1.5;16.2;3.0;0.0;-0.2;0;0;0.0
Ivica Zubac;LAC;2;32;0;2;24;72;47;25;22.3;9.0;3.6;5.5;65.2;0.0;0.1;25.0;1.9;2.4;78.9;2.6;4.6;7.2;1.3;1.1;0.3;0.9;2.6;22.0;13.0;0.0;2.5;166 821;1;63.0
Jaylen Nowell;MIN;2;43;0;1;21;42;10;32;18.1;9.0;3.4;8.0;42.4;1.2;3.6;33.3;1.1;1.3;81.8;0.5;1.8;2.3;1.5;0.7;0.5;0.3;1.7;15.7;0.0;0.0;-2.4;53 851;1;0.0
Talen Horton-Tucker;LAL;2;46;0;1;20;65;39;26;20.1;9.0;3.4;7.5;45.8;0.6;2.0;28.2;1.5;2.0;77.5;0.4;2.2;2.6;2.8;1.6;1.0;0.3;2.0;18.6;4.0;0.0;0.2;307 492;1;6.0
Paul Millsap;DEN;4;47;4;4;36;56;38;18;20.8;9.0;3.4;7.2;47.6;0.9;2.6;34.3;1.3;1.8;72.4;1.4;3.3;4.7;1.8;0.9;0.9;0.6;2.0;21.0;2.0;0.0;1.8;0;0;0.0
DeMarcus Cousins;LAC;1;5;4;6;30;41;22;19;17.4;8.9;3.2;7.4;42.6;1.1;3.3;34.8;1.4;2.0;72.8;1.3;5.1;6.4;1.9;1.6;0.8;0.6;2.6;22.1;7.0;0.0;-1.5;0;1;0.0
Michael Carter-Williams;ORL;2;11;0;6;29;31;12;19;25.8;8.8;3.4;8.7;38.9;0.5;2.0;24.6;1.6;2.6;61.3;1.3;3.2;4.5;4.2;2.2;0.8;0.5;2.6;22.3;0.0;0.0;-1.6;0;1;0.0
Bruce Brown;BKN;1;42;0;2;24;65;45;20;22.3;8.8;3.6;6.5;55.6;0.3;0.9;28.8;1.3;1.8;73.5;1.7;3.7;5.4;1.6;0.8;0.9;0.4;2.2;20.8;6.0;0.0;1.1;0;1;0.0
Danuel House Jr.;HOU;3;61;0;3;28;36;8;28;25.9;8.8;3.1;7.6;40.4;1.5;4.3;34.6;1.1;1.8;65.1;0.5;3.2;3.7;1.9;1.0;0.6;0.4;1.9;18.0;0.0;0.0;-6.2;0;1;0.0
Jay Scrubb;LAC;1;55;0;1;20;4;2;2;21.0;8.8;3.5;9.0;38.9;0.5;2.3;22.2;1.3;1.3;100.0;0.5;3.0;3.5;0.3;1.8;1.0;0.0;1.3;14.6;0.0;0.0;0.5;0;1;0.0
Dario Saric;PHX;2;12;0;3;27;50;37;13;17.4;8.7;3.1;6.8;44.7;0.9;2.7;34.8;1.7;2.0;84.8;0.9;2.9;3.8;1.3;1.1;0.6;0.1;1.9;16.2;0.0;0.0;4.4;116 628;1;0.0
Isaiah Roby;OKC;1;45;0;2;23;61;19;42;23.4;8.7;3.4;7.0;48.3;0.5;1.8;29.4;1.4;1.9;74.4;1.5;4.1;5.6;1.8;1.9;0.9;0.6;2.7;20.6;3.0;0.0;-7.2;0;1;0.0
Terence Davis;SAC;1;61;0;2;24;61;26;35;17.6;8.7;3.2;7.5;42.8;1.6;4.4;36.7;0.7;0.9;81.8;0.3;2.2;2.5;1.4;1.0;0.7;0.2;1.6;15.6;0.0;0.0;-1.1;0;1;0.0
Raul Neto;WAS;1;47;0;3;29;64;30;34;21.9;8.7;3.3;7.0;46.8;1.0;2.6;39.0;1.2;1.3;88.2;0.4;2.0;2.4;2.3;0.8;1.1;0.1;1.7;17.9;0.0;0.0;-0.3;0;1;0.0
George Hill;PHI;1;26;0;7;35;30;16;14;22.4;8.7;3.2;6.6;48.2;1.0;2.7;38.8;1.3;1.7;80.0;0.5;1.5;2.0;2.4;1.0;0.8;0.2;1.0;16.6;0.0;0.0;-0.3;0;0;0.0
T.J. McConnell;IND;5;61;0;2;29;69;33;36;26.0;8.6;4.0;7.1;55.9;0.2;0.7;31.3;0.5;0.7;68.8;0.8;2.9;3.7;6.6;2.0;1.9;0.3;1.6;27.6;5.0;1.0;1.0;135 953;1;76.0
Moses Brown;BOS;1;61;0;5;21;43;8;35;21.4;8.6;3.4;6.2;54.5;0.0;0.0;0.0;1.8;2.9;61.9;3.6;5.3;8.9;0.2;1.0;0.7;1.1;2.2;24.1;12.0;0.0;-8.4;0;1;0.0
Jakob Poeltl;SAS;3;9;0;2;25;69;32;37;26.7;8.6;3.8;6.2;61.6;0.0;0.0;0.0;0.9;1.8;50.8;3.2;4.8;7.9;1.9;1.2;0.7;1.8;2.5;27.2;15.0;0.0;1.6;77 270;1;43.0
Ricky Rubio;MIN;1;5;0;4;30;68;23;45;26.1;8.6;2.8;7.3;38.8;1.0;3.1;30.8;1.9;2.2;86.7;0.4;2.9;3.3;6.4;1.6;1.4;0.1;2.0;24.9;4.0;0.0;-2.7;0;1;0.0
Robert Covington;POR;2;61;0;4;30;70;42;28;32.0;8.5;2.9;7.3;40.1;1.9;5.1;37.9;0.7;0.9;80.6;0.9;5.8;6.7;1.7;0.9;1.4;1.2;2.8;26.0;6.0;0.0;2.9;0;1;0.0
Svi Mykhailiuk;OKC;1;47;0;4;24;66;13;53;20.1;8.5;3.2;7.7;41.1;1.6;4.8;33.4;0.6;0.8;76.0;0.4;2.1;2.5;1.7;1.3;0.8;0.2;1.0;15.5;0.0;0.0;-3.5;0;1;0.0
Cameron Payne;PHX;1;14;0;4;26;60;42;18;18.0;8.4;3.2;6.6;48.4;1.2;2.8;44.0;0.8;0.9;89.3;0.3;2.1;2.4;3.6;1.0;0.6;0.3;1.6;18.3;1.0;0.0;3.0;0;1;0.0
James Ennis III;ORL;1;50;0;7;30;41;12;29;24.1;8.4;2.8;5.9;47.3;1.1;2.5;43.3;1.7;2.1;80.5;1.0;3.0;4.0;1.5;0.9;0.8;0.2;2.0;17.5;1.0;0.0;-1.8;0;1;0.0
Gabriel Deck;OKC;1;61;0;1;26;10;1;9;21.2;8.4;3.2;6.7;47.8;0.2;1.5;13.3;1.8;2.2;81.8;1.6;2.4;4.0;2.4;0.6;0.8;0.0;0.9;18.6;0.0;0.0;-5.1;0;1;0.0
Mitchell Robinson;NYK;3;36;0;1;23;31;15;16;27.5;8.3;3.7;5.7;65.3;0.0;0.0;0.0;0.8;1.7;49.1;3.6;4.5;8.1;0.5;0.8;1.1;1.5;2.8;25.7;5.0;0.0;-0.5;176 575;1;39.0
Luke Kennard;LAC;1;12;0;2;25;63;44;19;19.6;8.3;3.1;6.6;47.6;1.6;3.6;44.6;0.4;0.5;83.9;0.2;2.3;2.6;1.7;0.8;0.4;0.1;1.4;14.6;1.0;0.0;-0.4;200 970;1;5.0
Cory Joseph;DET;1;29;0;5;29;63;25;38;23.0;8.2;3.2;6.8;46.9;0.7;2.1;34.1;1.1;1.4;81.8;0.6;2.0;2.5;3.4;1.3;1.0;0.3;2.2;18.8;2.0;0.0;-3.1;0;1;6.0
Sterling Brown;HOU;1;46;0;3;26;51;14;37;24.1;8.2;2.9;6.6;44.8;1.8;4.2;42.3;0.5;0.6;80.6;0.7;3.6;4.4;1.4;0.8;0.7;0.2;1.9;17.7;2.0;0.0;-3.0;0;0;0.0
Aleksej Pokusevski;OKC;1;17;0;1;19;45;13;32;24.2;8.2;3.1;9.1;34.1;1.3;4.6;28.0;0.7;0.9;73.8;0.7;4.0;4.7;2.2;2.2;0.4;0.9;1.3;19.0;1.0;0.0;-8.7;0;1;0.0
Hassan Whiteside;SAC;1;33;0;4;32;36;16;20;15.2;8.1;3.5;6.2;56.3;0.0;0.0;0.0;1.1;2.2;51.9;1.7;4.3;6.0;0.6;1.1;0.3;1.3;2.0;19.6;4.0;0.0;-2.9;0;0;0.0
JaMychal Green;DEN;2;61;0;5;31;58;38;20;19.3;8.1;3.0;6.4;46.3;1.4;3.4;39.9;0.8;1.0;80.7;1.5;3.3;4.8;0.9;0.9;0.4;0.4;2.5;16.8;1.0;0.0;1.7;0;1;0.0
Nicolas Batum;LAC;1;25;0;3;32;67;44;23;27.4;8.1;2.9;6.1;46.4;1.6;4.1;40.4;0.7;0.9;82.8;0.7;4.0;4.7;2.2;0.8;1.0;0.6;1.5;21.0;1.0;0.0;5.1;298 843;1;18.0
Robert Williams III;BOS;3;27;0;1;23;52;29;23;18.9;8.0;3.6;5.0;72.1;0.0;0.0;0.0;0.9;1.4;61.6;2.6;4.3;6.9;1.8;1.0;0.8;1.8;2.0;25.7;4.0;0.0;0.2;0;1;0.0
Tyrese Maxey;PHI;1;21;0;1;20;61;41;20;15.3;8.0;3.2;7.0;46.2;0.5;1.7;30.1;1.0;1.1;87.1;0.2;1.5;1.7;2.0;0.7;0.4;0.2;1.3;14.2;0.0;0.0;-0.9;803 541;1;6.0
Mo Bamba;ORL;3;6;0;1;23;46;11;35;15.8;8.0;3.1;6.5;47.2;0.8;2.6;32.2;1.0;1.4;68.2;1.7;4.1;5.8;0.8;0.8;0.3;1.3;1.9;19.9;4.0;0.0;-4.4;0;1;0.0
Kenrich Williams;OKC;2;61;0;2;26;66;21;45;21.6;8.0;3.3;6.2;53.3;0.8;1.8;44.4;0.5;1.0;57.1;1.3;2.9;4.1;2.3;1.2;0.8;0.3;2.2;18.5;0.0;0.0;-2.7;0;1;77.0
Austin Rivers;DEN;1;10;0;6;28;36;20;16;23.5;7.9;2.9;6.8;42.4;1.5;4.1;36.9;0.6;0.9;71.0;0.2;2.1;2.3;2.3;1.0;0.8;0.1;1.8;15.7;0.0;0.0;0.3;0;1;0.0
Isaiah Stewart;DET;1;16;0;1;20;68;20;48;21.4;7.9;3.3;6.0;55.3;0.3;0.9;33.3;0.9;1.4;69.6;2.3;4.3;6.7;0.9;1.0;0.6;1.3;2.7;21.7;8.0;0.0;-0.9;0;1;52.0
Anfernee Simons;POR;3;24;0;1;22;64;37;27;17.3;7.8;2.6;6.3;41.9;1.9;4.4;42.6;0.7;0.9;80.7;0.2;2.0;2.2;1.4;0.7;0.3;0.1;1.5;13.1;0.0;0.0;0.7;209 830;1;0.0
Willy Hernangomez;NOP;1;35;0;3;27;47;20;27;18.0;7.8;3.2;5.7;56.3;0.0;0.2;10.0;1.3;2.0;66.7;2.5;4.6;7.1;1.1;0.7;0.5;0.5;1.4;20.0;11.0;0.0;-0.3;0;1;0.0
Chuma Okeke;ORL;1;16;0;1;22;45;15;30;25.2;7.8;3.0;7.2;41.7;1.1;3.1;34.8;0.7;0.9;75.0;0.9;3.1;4.0;2.2;0.8;1.1;0.5;1.1;19.8;0.0;0.0;-4.0;0;1;35.0
Payton Pritchard;BOS;1;26;0;1;23;66;33;33;19.2;7.7;2.8;6.3;44.0;1.5;3.8;41.1;0.6;0.7;88.9;0.5;1.9;2.4;1.8;0.8;0.6;0.1;1.6;14.6;0.0;0.0;0.6;463 586;1;24.0
Tomas Satoransky;CHI;2;32;0;3;29;58;25;33;22.5;7.7;2.9;5.7;51.4;0.7;2.0;35.6;1.2;1.4;84.8;0.5;1.9;2.4;4.7;1.7;0.7;0.2;1.5;18.8;1.0;0.0;0.0;0;1;0.0
PJ Dozier;DEN;2;61;0;3;24;50;36;14;21.8;7.7;3.0;7.1;41.7;0.9;3.0;31.5;0.8;1.3;63.6;0.7;2.9;3.6;1.8;0.9;0.6;0.4;1.7;17.1;0.0;0.0;3.9;0;1;0.0
Mike James;BKN;1;61;0;4;30;13;9;4;18.2;7.7;2.6;7.1;37.0;0.8;2.4;35.5;1.6;2.1;77.8;0.2;2.2;2.5;4.2;1.5;0.5;0.1;0.8;17.0;0.0;0.0;1.5;0;1;0.0
Naji Marshall;NOP;1;61;0;1;23;32;14;18;21.9;7.7;2.6;6.5;39.2;0.9;2.6;34.9;1.7;2.3;70.7;0.5;4.2;4.6;2.8;1.2;0.8;0.3;1.8;19.6;3.0;0.0;-0.9;40 031;1;0.0
D.J. Augustin;HOU;1;9;0;10;33;57;28;29;19.8;7.7;2.4;6.0;39.4;1.5;3.8;38.2;1.5;1.6;90.4;0.4;1.3;1.6;3.3;1.1;0.5;0.0;1.0;15.0;0.0;0.0;-0.7;0;1;0.0
Isaiah Thomas;NOP;1;60;2;10;32;3;1;2;16.1;7.7;3.0;9.0;33.3;1.0;4.0;25.0;0.7;0.7;100.0;0.3;1.0;1.3;1.7;2.0;0.3;0.0;1.0;10.8;0.0;0.0;2.7;0;1;0.0
Ben McLemore;LAL;1;7;0;5;28;53;20;33;17.1;7.7;2.5;6.9;37.0;1.8;5.3;34.6;0.7;1.0;73.6;0.3;1.6;1.9;0.7;0.8;0.4;0.2;1.7;12.0;0.0;0.0;-1.9;0;0;0.0
Tristan Thompson;BOS;1;4;0;3;30;54;27;27;23.8;7.6;3.1;6.0;51.8;0.0;0.1;0.0;1.3;2.2;59.2;3.1;5.0;8.1;1.2;1.1;0.4;0.6;2.2;21.2;5.0;0.0;0.4;3 802 207;1;6.0
Garrett Temple;CHI;1;61;0;10;35;56;25;31;27.3;7.6;2.8;6.8;41.5;1.2;3.6;33.5;0.7;0.9;80.0;0.5;2.3;2.9;2.2;1.0;0.8;0.5;2.3;17.2;0.0;0.0;0.9;59 046;0;100.0
Steven Adams;NOP;1;12;0;2;27;58;26;32;27.7;7.6;3.3;5.3;61.4;0.0;0.1;0.0;1.0;2.3;44.4;3.7;5.2;8.9;1.9;1.3;0.9;0.7;1.9;24.5;13.0;1.0;0.3;597 234;1;36.0
Edmond Sumner;IND;4;52;0;1;25;53;23;30;16.2;7.5;2.8;5.3;52.5;0.7;1.7;39.8;1.3;1.6;81.9;0.3;1.4;1.8;0.9;1.0;0.6;0.2;1.7;12.5;0.0;0.0;-0.6;0;1;0.0
Patrick Beverley;LAC;4;42;0;2;32;37;25;12;22.5;7.5;2.5;5.9;42.3;1.5;3.8;39.7;1.0;1.2;80.0;0.8;2.4;3.2;2.1;0.9;0.8;0.8;2.9;18.2;0.0;0.0;4.0;0;1;0.0
Malachi Flynn;TOR;1;29;0;1;23;47;21;26;19.7;7.5;2.7;7.2;37.4;1.1;3.6;32.1;1.0;1.2;80.4;0.2;2.3;2.5;2.9;0.9;0.8;0.1;1.4;16.8;1.0;0.0;-2.1;0;1;0.0
Henry Ellenson;TOR;1;18;0;5;24;2;0;2;19.2;7.5;2.5;7.0;35.7;1.0;4.5;22.2;1.5;2.0;75.0;1.5;4.5;6.0;2.5;0.0;0.0;0.0;3.5;18.5;0.0;0.0;3.5;0;1;0.0
Jaxson Hayes;NOP;2;8;0;1;21;60;24;36;16.1;7.5;2.9;4.7;62.5;0.1;0.2;42.9;1.6;2.0;77.5;1.5;2.8;4.3;0.6;0.7;0.4;0.6;1.7;16.0;0.0;0.0;-0.4;307 948;1;10.0
DeAndre Jordan;BKN;2;35;1;5;32;57;37;20;21.9;7.5;3.3;4.4;76.3;0.0;0.0;0.0;0.8;1.6;50.0;2.1;5.4;7.5;1.6;1.5;0.3;1.1;2.0;21.7;6.0;0.0;-0.7;1 814 511;0;30.0
JJ Redick;DAL;1;11;0;6;37;44;22;22;16.4;7.4;2.4;6.1;39.7;1.5;4.0;37.1;1.1;1.2;94.2;0.1;1.4;1.5;1.2;0.8;0.3;0.1;1.1;11.1;0.0;0.0;0.0;0;1;0.0
Jalen Harris;TOR;1;59;0;1;22;13;3;10;13.2;7.4;2.8;5.5;50.0;1.3;2.8;47.2;0.5;0.7;77.8;0.2;1.2;1.4;1.3;1.1;0.6;0.0;1.2;11.8;0.0;0.0;-0.1;0;1;0.0
Jalen McDaniels;CHA;2;52;0;1;23;47;18;29;19.2;7.4;2.8;6.0;46.8;0.7;2.2;33.3;1.0;1.4;70.3;1.0;2.6;3.6;1.1;1.0;0.6;0.4;2.0;15.4;2.0;0.0;-3.8;55 513;1;23.0
Louis King;SAC;1;61;0;2;22;6;3;3;14.2;7.3;2.8;5.7;50.0;0.7;1.8;36.4;1.0;1.0;100.0;0.8;2.2;3.0;1.5;0.7;1.2;0.5;1.5;17.5;0.0;0.0;-0.5;0;1;0.0
JaVale McGee;DEN;1;18;0;6;33;46;21;25;14.7;7.3;3.1;6.1;51.1;0.1;0.5;20.8;1.0;1.5;65.7;1.7;3.5;5.2;0.8;1.3;0.4;1.2;2.6;18.3;1.0;0.0;-1.9;0;0;0.0
James Johnson;NOP;1;16;0;7;34;51;21;30;20.5;7.2;2.9;6.4;44.6;0.6;2.4;25.8;0.9;1.5;59.2;0.6;2.8;3.5;1.9;1.1;0.8;0.8;2.4;18.1;0.0;0.0;-2.5;0;0;49.0
Juancho Hernangomez;MIN;1;15;0;2;25;52;19;33;17.3;7.2;2.5;5.8;43.5;1.1;3.2;32.7;1.2;1.9;61.9;0.9;3.1;3.9;0.7;0.5;0.4;0.1;1.0;13.9;0.0;0.0;-1.4;0;1;0.0
Justin Jackson;MIL;1;15;0;3;26;34;12;22;17.0;7.2;2.6;6.5;40.3;1.1;3.4;30.8;0.9;1.1;83.8;0.5;1.8;2.3;1.5;0.9;0.4;0.1;0.9;12.8;0.0;0.0;-1.2;0;1;0.0
Aaron Holiday;IND;3;23;0;2;24;66;30;36;17.8;7.2;2.6;6.6;39.0;1.0;2.8;36.8;1.0;1.3;81.9;0.2;1.1;1.3;1.9;1.0;0.7;0.2;1.4;13.3;1.0;0.0;0.0;73 858;1;10.0
Khem Birch;TOR;1;61;0;2;28;67;23;44;22.8;7.2;2.8;5.7;49.7;0.2;0.8;25.0;1.4;1.9;70.5;2.6;3.2;5.8;1.3;0.7;0.7;0.7;1.7;19.8;6.0;0.0;-1.9;0;1;0.0
Kent Bazemore;GSW;1;61;0;5;31;67;35;32;19.9;7.2;2.6;5.9;44.9;1.1;2.7;40.8;0.8;1.2;69.2;0.4;3.0;3.4;1.6;1.2;1.0;0.5;2.4;17.0;1.0;0.0;2.5;0;0;0.0
Tony Bradley;OKC;1;28;0;3;23;42;15;27;16.3;7.1;3.1;4.7;66.5;0.0;0.1;0.0;0.9;1.3;69.1;2.0;3.7;5.7;0.9;0.8;0.4;0.7;1.5;17.7;3.0;0.0;-0.4;0;0;127.0
Dewayne Dedmon;MIA;1;61;0;6;31;16;11;5;13.2;7.1;2.9;4.1;70.8;0.1;0.3;20.0;1.3;1.7;74.1;1.8;3.6;5.4;0.8;0.8;0.6;0.4;2.3;16.6;1.0;0.0;4.3;0;1;0.0
Maxi Kleber;DAL;4;61;0;1;29;50;31;19;26.8;7.1;2.3;5.5;42.2;1.7;4.2;41.0;0.7;0.7;91.9;0.9;4.3;5.2;1.4;0.6;0.5;0.7;2.1;18.3;0.0;0.0;2.7;147 126;1;0.0
Draymond Green;GSW;9;35;3;1;31;63;35;28;31.5;7.0;2.7;6.0;44.7;0.5;2.0;27.0;1.1;1.4;79.5;0.9;6.2;7.1;8.9;3.0;1.7;0.8;3.1;33.4;17.0;6.0;3.8;4 120 431;1;6.0
Terance Mann;LAC;2;48;0;1;24;67;45;22;18.9;7.0;2.7;5.2;50.9;0.6;1.4;41.8;1.2;1.4;83.0;0.8;2.8;3.6;1.6;0.6;0.4;0.2;1.9;15.0;2.0;0.0;0.5;158 444;1;0.0
Daniel Gafford;WAS;1;38;0;2;22;54;31;23;14.7;7.0;2.9;4.2;68.4;0.0;0.0;0.0;1.3;2.0;66.7;1.7;2.5;4.3;0.5;0.8;0.5;1.4;1.8;17.8;2.0;0.0;0.9;170 538;1;0.0
Ignas Brazdeikis;ORL;1;47;0;3;22;13;3;10;19.1;7.0;2.7;6.4;42.2;0.8;2.2;39.3;0.8;1.1;71.4;0.8;2.6;3.5;1.3;0.9;0.3;0.2;1.7;13.8;0.0;0.0;-2.1;0;1;0.0
Royce O'Neale;UTA;4;61;0;1;28;71;51;20;31.6;7.0;2.5;5.5;44.4;1.5;3.9;38.5;0.5;0.6;84.8;1.2;5.6;6.8;2.5;1.2;0.8;0.5;2.6;21.6;3.0;0.0;6.6;149 535;1;49.0
Dwight Howard;PHI;1;1;8;7;35;69;46;23;17.3;7.0;2.6;4.4;58.7;0.1;0.3;25.0;1.8;3.0;57.6;2.8;5.7;8.4;0.9;1.6;0.4;0.9;2.9;20.8;12.0;0.0;-1.0;0;0;0.0
Georges Niang;UTA;3;50;0;3;28;72;52;20;16.0;6.9;2.5;5.6;43.7;1.7;4.1;42.5;0.3;0.3;95.7;0.4;2.1;2.4;0.8;0.7;0.3;0.1;1.6;11.8;1.0;0.0;4.9;114 690;0;39.0
R.J. Hampton;ORL;1;24;0;2;20;51;20;31;17.4;6.9;2.7;6.1;43.5;0.5;1.7;31.0;1.1;1.6;67.1;0.6;2.9;3.5;1.7;1.0;0.4;0.2;1.2;14.5;3.0;0.0;-5.6;0;1;0.0
Moritz Wagner;ORL;1;25;0;3;24;45;19;26;16.0;6.9;2.3;5.1;45.4;0.7;2.0;34.1;1.6;1.9;81.6;0.6;2.6;3.2;1.1;1.0;0.6;0.4;2.4;14.4;1.0;0.0;-3.2;0;1;0.0
Justise Winslow;MEM;1;10;0;2;25;26;13;13;19.5;6.8;2.8;8.1;35.2;0.4;2.1;18.5;0.8;1.3;57.1;0.7;3.8;4.5;1.9;1.4;0.6;0.5;1.8;16.9;1.0;0.0;-3.0;0;0;0.0
Derrick Jones Jr.;POR;1;61;0;3;24;58;32;26;22.7;6.8;2.5;5.2;48.4;0.7;2.3;31.6;1.0;1.6;64.8;1.3;2.2;3.5;0.8;0.6;0.6;0.9;2.2;16.4;0.0;0.0;-1.1;0;1;0.0
Gorgui Dieng;SAS;1;21;0;3;31;38;14;24;14.5;6.8;2.2;4.3;52.1;0.8;1.8;42.9;1.5;1.8;86.6;1.1;2.6;3.7;1.3;0.8;0.7;0.4;1.5;15.6;0.0;0.0;-1.8;0;0;0.0
Pat Connaughton;MIL;3;41;0;2;28;69;44;25;22.8;6.8;2.4;5.6;43.4;1.5;3.9;37.1;0.4;0.6;77.5;0.9;3.9;4.8;1.2;0.5;0.7;0.3;1.4;17.0;0.0;0.0;3.2;175 905;1;38.0
Jaden McDaniels;MIN;1;28;0;1;20;63;18;45;24.0;6.8;2.6;5.8;44.7;1.1;3.1;36.4;0.4;0.7;60.0;0.8;2.9;3.7;1.1;0.7;0.6;1.0;2.7;16.7;0.0;0.0;-1.6;151 761;1;10.0
Killian Hayes;DET;1;7;0;1;19;26;6;20;25.8;6.8;2.7;7.7;35.3;0.8;2.8;27.8;0.5;0.7;82.4;0.2;2.4;2.7;5.3;3.2;1.0;0.4;2.2;19.0;0.0;0.0;-5.0;0;1;0.0
Jeff Teague;MIL;1;19;1;6;33;55;27;28;17.3;6.7;2.2;5.2;43.3;0.7;1.5;43.9;1.6;1.9;84.8;0.3;1.3;1.6;2.4;1.2;0.6;0.2;1.0;13.6;0.0;0.0;1.0;0;1;0.0
Ish Smith;WAS;1;61;0;11;32;44;23;21;21.0;6.7;2.9;6.8;43.4;0.4;1.1;36.7;0.4;0.8;57.6;0.5;2.9;3.4;3.9;0.9;0.7;0.3;1.4;18.8;0.0;0.0;1.2;0;1;0.0
Damyean Dotson;CLE;1;44;0;2;27;46;14;32;19.7;6.7;2.6;6.4;40.6;1.0;3.5;28.9;0.5;0.8;66.7;0.1;1.9;2.0;2.0;0.9;0.3;0.1;0.9;12.5;0.0;0.0;-4.7;0;1;0.0
Dennis Smith Jr.;DET;1;9;0;3;23;23;7;16;18.3;6.7;2.5;6.3;40.0;0.8;2.5;32.8;0.8;1.1;73.1;0.5;1.9;2.4;3.3;1.1;1.0;0.6;1.6;18.3;1.0;1.0;-0.8;0;0;0.0
Markieff Morris;LAL;2;13;0;5;31;61;32;29;19.7;6.7;2.5;6.2;40.5;1.1;3.4;31.1;0.6;0.8;72.0;0.8;3.6;4.4;1.2;0.9;0.4;0.3;1.7;14.8;2.0;0.0;0.3;0;0;91.0
Abdel Nader;PHX;1;58;0;2;27;24;16;8;14.8;6.7;2.4;4.8;49.1;0.8;1.8;41.9;1.2;1.5;75.7;0.3;2.3;2.6;0.8;0.8;0.4;0.4;1.4;12.5;0.0;0.0;1.2;0;1;0.0
Spencer Dinwiddie;BKN;5;38;0;2;28;3;2;1;21.4;6.7;2.0;5.3;37.5;0.7;2.3;28.6;2.0;2.0;100.0;0.0;4.3;4.3;3.0;1.7;0.7;0.3;1.3;17.7;0.0;0.0;14.0;328 092;0;0.0
Trey Burke;DAL;1;9;0;5;28;62;35;27;14.7;6.6;2.4;5.7;42.8;0.9;2.6;35.4;0.8;0.9;89.5;0.2;0.7;0.9;1.3;0.5;0.6;0.1;1.0;11.2;0.0;0.0;0.2;0;1;0.0
Nic Claxton;BKN;2;31;0;1;22;32;23;9;18.6;6.6;2.8;4.5;62.1;0.0;0.2;20.0;1.0;2.0;48.4;1.3;3.8;5.2;0.9;0.6;0.7;1.3;2.1;19.5;1.0;0.0;4.9;0;1;0.0
Xavier Tillman;MEM;1;35;0;1;22;59;31;28;18.4;6.6;2.8;5.1;55.9;0.4;1.1;33.8;0.6;0.9;64.2;1.3;3.1;4.3;1.3;0.8;0.7;0.6;2.0;16.9;2.0;0.0;0.6;0;1;109.0
Alex Len;WAS;1;5;0;5;28;64;30;34;15.3;6.6;2.7;4.3;61.5;0.1;0.4;32.0;1.1;1.8;62.9;1.2;2.8;4.1;0.8;0.9;0.3;1.0;2.0;15.7;2.0;0.0;-1.5;140 162;0;130.0
Frank Kaminsky;PHX;2;9;0;3;28;47;33;14;15.2;6.6;2.6;5.5;47.1;0.7;1.8;36.5;0.8;1.3;61.7;0.8;3.2;4.0;1.7;0.5;0.3;0.4;1.5;15.4;2.0;0.0;1.2;0;1;0.0
Denzel Valentine;CHI;4;14;0;1;27;62;26;36;16.7;6.5;2.5;6.7;37.3;1.3;3.9;33.1;0.3;0.3;94.1;0.4;2.8;3.2;1.7;0.7;0.5;0.1;1.1;14.0;0.0;0.0;0.7;0;0;0.0
Damion Lee;GSW;3;61;0;2;28;57;28;29;18.9;6.5;2.2;4.8;46.7;1.4;3.4;39.7;0.7;0.8;90.9;0.4;2.8;3.2;1.3;0.5;0.7;0.1;1.6;14.1;0.0;0.0;0.7;277 370;1;24.0
Nemanja Bjelica;MIA;1;35;0;3;33;37;16;21;16.1;6.5;2.4;5.3;45.4;0.7;2.3;31.8;1.0;1.4;72.5;0.8;2.6;3.4;1.9;0.9;0.4;0.1;1.8;14.2;0.0;0.0;-1.8;0;0;0.0
Marquese Chriss;GSW;2;8;0;4;23;2;0;2;13.4;6.5;2.5;7.0;35.7;0.5;2.5;20.0;1.0;2.0;50.0;1.5;5.0;6.5;1.0;1.0;0.0;1.0;1.5;17.8;0.0;0.0;-12.5;0;1;0.0
Chasson Randle;ORL;1;61;0;5;28;41;10;31;20.4;6.5;2.2;5.8;38.8;1.1;3.2;33.8;0.9;1.2;79.2;0.2;1.8;2.0;1.8;1.1;0.5;0.1;1.6;12.4;0.0;0.0;-6.5;0;0;0.0
Avery Bradley;HOU;1;19;0;7;30;27;6;21;22.3;6.4;2.4;6.3;37.4;1.2;3.7;32.7;0.4;0.6;80.0;0.3;1.8;2.1;1.7;1.0;0.8;0.1;2.0;13.1;0.0;0.0;-4.9;0;0;0.0
Alex Caruso;LAL;4;61;0;1;27;58;32;26;21.0;6.4;2.3;5.3;43.6;0.9;2.4;40.1;0.8;1.3;64.5;0.5;2.4;2.9;2.8;1.3;1.1;0.3;1.9;16.8;0.0;0.0;2.1;1 381 274;0;14.0
Timothe Luwawu-Cabarrot;BKN;2;24;0;4;26;58;38;20;18.1;6.4;2.2;6.1;36.5;1.3;4.1;31.4;0.6;0.7;81.4;0.5;1.7;2.2;1.2;0.7;0.6;0.1;1.7;12.1;0.0;0.0;-0.4;0;0;0.0
Kira Lewis Jr.;NOP;1;13;0;1;20;54;23;31;16.7;6.4;2.4;6.2;38.6;0.7;2.2;33.3;0.8;0.9;84.3;0.2;1.1;1.3;2.3;0.6;0.7;0.2;1.6;13.4;0.0;0.0;0.4;0;1;0.0
Deni Avdija;WAS;1;9;0;1;20;54;25;29;23.3;6.3;2.4;5.8;41.7;1.0;3.1;31.5;0.5;0.8;64.4;0.4;4.4;4.9;1.2;0.6;0.6;0.3;2.6;15.9;2.0;0.0;-1.5;258 107;1;53.0
Tyus Jones;MEM;2;24;0;2;25;70;36;34;17.5;6.3;2.5;5.9;43.1;0.6;2.0;32.1;0.6;0.6;91.1;0.3;1.7;2.0;3.7;0.7;0.9;0.1;0.4;16.6;2.0;0.0;-1.2;406 023;1;0.0
Chimezie Metu;SAC;1;49;0;2;24;36;14;22;13.6;6.3;2.5;5.0;50.8;0.4;1.0;35.1;0.9;1.2;72.1;0.9;2.3;3.1;0.8;0.8;0.4;0.5;1.6;13.0;0.0;0.0;-1.6;0;1;0.0
Frank Mason III;ORL;1;34;0;3;27;4;1;3;19.8;6.3;2.3;6.0;37.5;0.5;1.3;40.0;1.3;1.8;71.4;0.8;2.3;3.0;3.0;1.3;0.0;0.0;1.8;13.1;0.0;0.0;-4.8;0;1;0.0
Robert Franks;ORL;1;61;0;1;24;7;0;7;14.4;6.1;1.9;4.0;46.4;0.7;2.1;33.3;1.7;1.9;92.3;0.9;1.1;2.0;0.7;0.3;0.4;0.4;1.1;11.9;0.0;0.0;-3.6;0;1;0.0
Aron Baynes;TOR;1;61;0;5;34;53;20;33;18.5;6.1;2.5;5.7;44.1;0.5;1.9;26.2;0.5;0.8;70.7;1.6;3.5;5.2;0.9;0.9;0.3;0.4;2.2;15.0;2.0;0.0;-1.5;0;1;0.0
Jaylen Hoard;OKC;1;61;0;2;22;19;1;18;16.8;6.1;2.3;4.6;50.0;0.0;0.6;0.0;1.5;2.2;68.3;1.1;2.3;3.4;1.3;0.9;0.7;0.3;1.0;14.1;0.0;0.0;-3.3;0;1;0.0
Facundo Campazzo;DEN;1;61;0;1;30;65;43;22;21.9;6.1;1.8;4.8;38.1;1.2;3.3;35.2;1.2;1.4;87.9;0.3;1.7;2.1;3.6;1.1;1.2;0.2;2.0;17.1;1.0;0.0;1.2;0;1;0.0
Max Strus;MIA;1;61;0;2;25;39;14;25;13.0;6.1;2.2;4.8;45.5;1.3;3.8;33.8;0.4;0.6;66.7;0.1;0.9;1.1;0.6;0.2;0.3;0.1;1.1;9.0;0.0;0.0;-1.0;163 281;1;0.0
Dakota Mathias;PHI;1;61;0;2;25;8;4;4;15.4;6.0;2.4;6.0;39.6;1.0;3.3;30.8;0.3;0.8;33.3;0.1;0.8;0.9;1.6;0.1;0.1;0.4;0.9;10.9;0.0;0.0;-3.9;0;1;0.0
Dean Wade;CLE;2;61;0;1;24;63;19;44;19.2;6.0;2.1;4.9;43.1;1.2;3.4;36.6;0.5;0.6;76.9;0.6;2.8;3.4;1.2;0.5;0.6;0.3;1.2;14.0;1.0;0.0;-3.5;44 630;1;0.0
Dwight Powell;DAL;7;45;0;2;29;58;36;22;16.6;5.9;2.1;3.3;61.9;0.1;0.4;23.8;1.7;2.1;78.2;1.4;2.7;4.0;1.1;0.7;0.6;0.5;2.3;15.1;1.0;0.0;1.3;114 038;1;28.0
Drew Eubanks;SAS;3;61;0;1;24;54;21;33;14.0;5.8;2.1;3.8;56.6;0.0;0.0;100.0;1.4;2.0;72.6;1.4;3.1;4.5;0.8;0.8;0.3;0.9;1.6;15.2;3.0;0.0;-1.8;36 007;1;0.0
DeAndre' Bembry;TOR;1;21;0;2;26;51;23;28;19.1;5.7;2.3;4.5;51.3;0.3;1.0;26.4;0.9;1.3;68.2;0.6;2.2;2.9;2.1;1.4;1.0;0.4;1.7;15.1;0.0;0.0;0.1;0;0;0.0
Jordan Nwora;MIL;1;45;0;1;22;30;19;11;9.1;5.7;2.1;4.5;45.9;0.9;2.1;45.2;0.6;0.8;76.0;0.3;1.7;2.0;0.2;0.8;0.6;0.3;0.7;10.2;2.0;0.0;-0.1;0;1;0.0
Rodney McGruder;DET;1;61;0;3;29;16;3;13;12.1;5.7;2.3;4.4;52.9;0.7;1.5;45.8;0.4;0.5;75.0;0.5;0.9;1.4;1.0;0.4;0.5;0.1;0.8;10.1;0.0;0.0;-1.1;0;1;0.0
Juan Toscano-Anderson;GSW;2;61;0;1;28;53;28;25;20.9;5.7;2.3;3.9;57.9;0.7;1.7;40.2;0.4;0.6;71.0;0.5;3.9;4.4;2.8;1.2;0.8;0.5;2.1;17.9;0.0;0.0;1.8;0;1;0.0
Mychal Mulder;GSW;2;61;0;2;27;60;33;27;12.8;5.6;2.0;4.4;44.9;1.4;3.6;39.7;0.2;0.4;63.6;0.1;0.9;1.0;0.4;0.3;0.2;0.2;0.9;8.4;0.0;0.0;1.1;0;1;0.0
Donta Hall;ORL;1;61;0;2;23;13;3;10;13.8;5.6;1.9;2.7;71.4;0.0;0.0;0.0;1.8;2.6;67.6;1.8;2.9;4.8;0.8;0.6;0.4;0.8;1.4;15.5;1.0;0.0;-1.5;0;1;0.0
Yogi Ferrell;LAC;1;61;0;5;28;10;4;6;13.7;5.6;2.0;5.7;35.1;0.9;2.8;32.1;0.7;0.9;77.8;0.5;1.4;1.9;2.2;0.3;0.7;0.3;1.1;13.9;0.0;0.0;-0.1;0;1;0.0
Saben Lee;DET;1;38;0;1;22;48;14;34;16.3;5.6;2.1;4.4;47.1;0.2;0.5;34.8;1.3;1.9;68.5;0.4;1.6;2.0;3.6;1.1;0.7;0.3;1.6;15.1;0.0;0.0;-1.9;0;1;0.0
Freddie Gillespie;TOR;1;61;0;1;24;20;7;13;19.6;5.6;2.2;4.2;52.4;0.0;0.0;0.0;1.2;1.7;69.7;2.1;2.8;4.9;0.5;0.6;0.7;1.0;2.2;16.4;0.0;0.0;-3.9;0;1;0.0
Anthony Lamb;HOU;1;61;0;1;23;24;3;21;17.3;5.5;1.9;4.9;39.0;1.0;3.0;32.4;0.8;0.9;85.7;1.1;1.8;2.9;1.0;0.8;0.3;0.2;1.4;11.1;0.0;0.0;-3.7;0;1;0.0
Jabari Parker;BOS;1;2;0;6;26;13;4;9;12.7;5.5;2.3;4.2;54.5;0.2;0.8;18.2;0.8;1.0;76.9;0.8;2.5;3.2;0.8;0.8;0.1;0.4;1.0;11.3;0.0;0.0;-1.1;0;1;0.0
Garrison Mathews;WAS;2;61;0;2;24;64;32;32;16.2;5.5;1.5;3.7;40.9;1.2;3.1;38.4;1.3;1.5;88.4;0.3;1.1;1.4;0.4;0.2;0.5;0.1;1.7;9.3;0.0;0.0;-2.1;15 090;0;0.0
Brad Wanamaker;CHA;1;61;0;2;31;61;29;32;17.3;5.5;1.9;4.9;38.5;0.3;1.4;18.8;1.5;1.7;89.1;0.3;1.4;1.7;2.9;1.2;0.7;0.2;1.5;13.3;0.0;0.0;-2.1;0;1;0.0
Devin Vassell;SAS;1;11;0;1;20;62;30;32;17.0;5.5;2.0;4.9;40.6;0.8;2.4;34.7;0.7;0.8;84.3;0.4;2.4;2.8;0.9;0.4;0.7;0.3;1.4;12.8;0.0;0.0;-1.0;108 713;1;31.0
Torrey Craig;PHX;1;61;0;4;30;50;33;17;16.1;5.5;2.2;4.5;48.0;0.8;2.1;36.8;0.3;0.4;77.3;1.1;2.8;3.9;1.0;0.5;0.6;0.5;1.7;14.5;2.0;0.0;-1.9;136 870;0;9.0
Derrick Favors;UTA;1;3;0;2;29;68;49;19;15.3;5.4;2.3;3.6;63.8;0.0;0.0;0.0;0.9;1.2;73.8;2.0;3.5;5.5;0.6;0.5;0.5;1.0;2.1;16.9;1.0;0.0;0.5;0;1;0.0
Justin Patton;HOU;1;16;0;4;24;13;1;12;19.0;5.4;2.2;5.4;41.4;0.7;2.6;26.5;0.2;0.3;75.0;1.1;2.7;3.8;1.1;0.3;0.9;1.1;2.6;17.2;0.0;0.0;-6.2;0;1;0.0
Tyler Johnson;BKN;1;61;0;2;29;39;29;10;17.5;5.4;1.8;4.7;39.3;1.2;3.4;36.4;0.5;0.5;85.7;0.2;1.8;2.0;1.2;0.4;0.4;0.0;1.1;10.2;0.0;0.0;1.2;0;1;0.0
Rajon Rondo;LAC;1;21;4;8;35;45;28;17;17.1;5.4;2.1;4.8;44.2;0.8;2.0;40.4;0.4;0.4;94.1;0.4;2.0;2.4;4.4;1.8;0.8;0.1;1.2;15.9;0.0;0.0;0.5;0;0;0.0
Jarred Vanderbilt;MIN;1;41;0;2;22;64;18;46;17.8;5.4;2.2;3.7;60.6;0.0;0.1;20.0;0.9;1.6;55.9;1.8;3.9;5.8;1.2;0.8;1.0;0.7;1.9;18.4;3.0;0.0;-0.8;468 532;1;6.0
Jahlil Okafor;DET;1;3;0;4;25;27;5;22;12.9;5.4;2.3;3.8;61.8;0.1;0.3;22.2;0.6;0.9;70.8;0.9;1.6;2.4;0.5;0.8;0.2;0.2;1.4;9.5;0.0;0.0;-3.1;0;0;0.0
Josh Okogie;MIN;3;20;0;1;22;59;21;38;20.3;5.4;1.7;4.3;40.2;0.5;1.8;26.9;1.4;1.8;76.9;1.1;1.6;2.6;1.1;0.7;0.9;0.5;2.1;13.6;0.0;0.0;-3.3;106 777;1;40.0
Taj Gibson;NYK;2;26;0;5;36;45;29;16;20.8;5.4;2.2;3.5;62.7;0.1;0.3;20.0;0.9;1.2;72.7;2.2;3.4;5.6;0.8;0.5;0.7;1.1;2.2;18.1;0.0;0.0;2.9;400 231;1;49.0
Tony Snell;ATL;1;20;0;4;29;47;29;18;21.1;5.3;1.9;3.6;51.5;1.3;2.3;56.9;0.2;0.2;100.0;0.4;2.0;2.4;1.3;0.4;0.3;0.2;1.6;11.1;0.0;0.0;1.4;0;0;0.0
Jarrett Culver;MIN;2;6;0;1;22;34;7;27;14.7;5.3;2.0;4.9;41.1;0.4;1.6;24.5;0.9;1.4;60.4;1.0;2.1;3.1;0.7;0.8;0.5;0.3;1.7;11.5;1.0;0.0;-3.9;0;1;0.0
Willie Cauley-Stein;DAL;2;6;0;3;27;53;29;24;17.1;5.3;2.2;3.4;63.2;0.0;0.2;9.1;0.9;1.5;62.8;1.2;3.2;4.5;0.7;0.5;0.4;0.8;2.4;14.7;1.0;0.0;2.6;0;1;0.0
Glenn Robinson III;SAC;1;40;0;5;27;23;9;14;16.1;5.3;1.8;4.3;42.4;0.7;1.9;36.4;0.9;1.0;91.3;0.5;1.5;2.0;0.9;0.5;0.2;0.1;1.0;9.3;0.0;0.0;-5.7;0;1;0.0
Mason Jones;PHI;1;61;0;2;22;32;10;22;10.5;5.3;1.6;3.8;42.3;0.8;2.1;36.4;1.3;2.0;62.5;0.2;1.5;1.7;1.3;0.9;0.2;0.0;0.8;9.1;0.0;0.0;-2.8;27 221;1;0.0
Maurice Harkless;SAC;1;15;0;5;28;37;16;21;20.9;5.2;1.9;4.5;41.8;0.6;2.3;27.4;0.9;1.2;76.7;0.4;2.1;2.4;1.2;0.6;0.8;0.5;2.3;13.4;0.0;0.0;-1.2;0;1;0.0
D.J. Wilson;HOU;1;17;0;2;25;35;13;22;12.4;5.2;1.9;4.8;40.5;0.9;2.5;34.5;0.5;0.7;68.0;0.6;2.6;3.2;0.7;0.6;0.3;0.5;1.3;11.7;1.0;0.0;-3.0;0;1;0.0
Alize Johnson;BKN;1;50;0;3;25;18;10;8;10.5;5.2;2.2;3.8;58.8;0.1;0.3;16.7;0.7;0.7;100.0;1.5;3.5;5.0;0.8;0.5;0.3;0.3;0.9;13.6;2.0;0.0;-1.0;0;0;0.0
Dylan Windler;CLE;1;26;0;1;24;31;11;20;16.5;5.2;1.8;4.2;43.8;0.8;2.5;33.8;0.7;0.9;77.8;0.6;2.8;3.5;1.1;1.0;0.6;0.4;1.2;12.9;1.0;0.0;-2.0;0;1;0.0
Patrick Patterson;LAC;1;14;0;5;32;38;26;12;15.3;5.2;1.9;4.3;43.6;1.1;2.9;35.7;0.3;0.4;76.5;0.5;1.5;2.0;0.8;0.3;0.4;0.2;1.2;10.1;0.0;0.0;0.6;0;0;0.0
Goga Bitadze;IND;2;18;0;1;21;45;19;26;12.5;5.1;1.8;4.3;42.8;0.4;1.8;25.3;1.0;1.4;73.8;1.3;2.0;3.3;0.8;0.4;0.2;1.3;2.1;14.6;0.0;0.0;-0.4;48 950;1;47.0
Jake Layman;MIN;2;47;0;2;27;45;12;33;13.9;5.1;2.0;4.1;49.5;0.5;1.7;29.5;0.6;0.8;70.3;0.3;1.2;1.5;0.6;0.6;0.6;0.4;1.0;10.5;0.0;0.0;-1.8;0;1;0.0
Isaiah Hartenstein;CLE;1;43;0;3;23;46;20;26;12.1;5.1;2.0;3.7;55.0;0.0;0.1;33.3;1.0;1.5;64.8;1.4;2.5;3.9;1.2;1.0;0.4;0.8;2.3;14.5;1.0;0.0;0.0;163 420;1;17.0
Sekou Doumbouya;DET;2;15;0;1;20;56;15;41;15.5;5.1;1.9;5.0;37.9;0.5;2.1;22.6;0.8;1.1;70.3;0.7;1.9;2.6;0.8;0.8;0.4;0.2;1.7;10.4;0.0;0.0;-2.4;0;1;0.0
Nerlens Noel;NYK;1;6;0;4;27;64;35;29;24.2;5.1;2.1;3.5;61.4;0.0;0.0;0.0;0.8;1.1;71.4;2.2;4.1;6.4;0.7;1.0;1.1;2.2;2.8;22.6;2.0;0.0;0.0;0;1;0.0
Marc Gasol;LAL;1;48;3;3;36;52;32;20;19.1;5.0;1.7;3.7;45.4;1.0;2.3;41.0;0.7;1.0;72.0;0.7;3.4;4.1;2.1;1.0;0.5;1.1;2.2;17.0;0.0;0.0;1.7;0;1;0.0
Jordan McLaughlin;MIN;2;61;0;1;25;51;15;36;18.4;5.0;2.0;4.7;41.3;0.6;1.8;35.9;0.5;0.6;76.7;0.4;1.7;2.1;3.8;1.0;1.0;0.1;0.9;15.6;0.0;0.0;-2.6;50 666;1;0.0
Bismack Biyombo;CHA;2;7;0;3;28;66;28;38;20.4;5.0;2.2;3.7;58.7;0.0;0.0;0.0;0.7;1.6;44.8;2.1;3.2;5.3;1.2;1.1;0.3;1.1;2.1;16.2;3.0;0.0;-4.2;0;1;104.0
Trey Lyles;SAS;1;12;0;4;25;23;10;13;15.6;5.0;1.9;3.9;47.8;0.6;1.7;35.0;0.7;1.0;65.2;0.4;3.3;3.7;0.6;0.3;0.3;0.0;0.6;11.1;1.0;0.0;-4.7;159 280;0;6.0
Precious Achiuwa;MIA;1;20;0;1;21;61;31;30;12.1;5.0;2.0;3.7;54.4;0.0;0.0;0.0;0.9;1.8;50.9;1.2;2.2;3.4;0.5;0.7;0.3;0.5;1.5;11.4;3.0;0.0;-1.9;192 445;1;19.0
Caleb Martin;CHA;2;61;0;1;25;53;23;30;15.4;5.0;1.8;4.8;37.5;0.6;2.4;24.8;0.8;1.2;64.1;0.6;2.1;2.7;1.3;0.6;0.7;0.2;1.2;12.2;1.0;0.0;-1.9;224 326;0;74.0
E'Twaun Moore;PHX;1;55;0;6;32;27;20;7;14.4;4.9;2.0;4.5;45.5;0.4;1.3;31.4;0.4;0.5;85.7;0.5;1.1;1.7;1.5;0.9;0.6;0.2;1.2;10.5;0.0;0.0;0.3;0;0;0.0
Jerome Robinson;WAS;1;13;0;3;24;17;5;12;17.9;4.9;1.6;5.6;29.5;0.6;2.5;26.2;0.9;1.2;80.0;0.2;2.0;2.2;1.5;1.1;0.7;0.4;1.8;11.8;0.0;0.0;-5.9;0;1;0.0
Tyler Cook;DET;1;61;0;4;23;32;11;21;13.7;4.9;2.2;3.2;67.0;0.0;0.1;50.0;0.5;1.1;48.6;0.9;2.1;3.0;0.5;0.7;0.3;0.1;1.1;9.5;0.0;0.0;-1.1;0;0;0.0
Brandon Goodwin;ATL;1;61;0;2;25;47;25;22;13.2;4.9;1.8;4.7;37.7;0.7;2.2;31.1;0.6;0.9;65.1;0.2;1.3;1.5;2.0;0.8;0.4;0.0;0.9;10.0;0.0;0.0;-1.3;0;1;0.0
Gabe Vincent;MIA;2;61;0;1;25;50;27;23;13.1;4.8;1.8;4.7;37.8;0.9;3.0;30.9;0.4;0.5;87.0;0.2;0.9;1.1;1.3;0.7;0.4;0.0;1.6;8.9;1.0;0.0;-1.5;174 714;1;0.0
Wesley Matthews;LAL;1;61;0;6;34;58;33;25;19.5;4.8;1.5;4.3;35.3;1.1;3.4;33.5;0.6;0.7;85.4;0.3;1.3;1.6;0.9;0.4;0.7;0.3;1.4;10.5;0.0;0.0;0.7;0;1;0.0
Langston Galloway;PHX;1;61;0;5;29;40;29;11;10.9;4.8;1.7;3.7;44.9;0.9;2.1;42.4;0.6;0.6;95.7;0.2;0.9;1.1;0.7;0.3;0.2;0.0;0.6;7.3;0.0;0.0;0.9;0;0;0.0
Aaron Nesmith;BOS;1;14;0;1;21;46;22;24;14.5;4.7;1.7;3.9;43.8;0.9;2.3;37.0;0.5;0.6;78.6;0.6;2.2;2.8;0.5;0.5;0.3;0.2;1.9;9.9;0.0;0.0;-0.2;100 102;1;47.0
Troy Brown Jr.;CHI;2;15;0;2;21;34;10;24;15.4;4.7;1.8;4.2;43.1;0.6;2.1;31.4;0.4;0.6;71.4;0.6;2.5;3.1;0.9;0.6;0.3;0.2;1.4;10.5;0.0;0.0;0.8;0;1;0.0
Boban Marjanovic;DAL;2;61;0;4;32;33;14;19;8.2;4.7;1.9;3.7;50.8;0.0;0.2;12.5;0.9;1.2;81.6;1.4;2.5;3.9;0.3;0.4;0.1;0.2;0.9;10.2;3.0;0.0;0.7;0;1;0.0
Damian Jones;SAC;1;30;0;4;26;39;24;15;14.0;4.7;1.8;2.6;68.0;0.0;0.1;20.0;1.1;1.5;72.4;0.9;2.2;3.1;0.7;0.7;0.3;0.7;2.0;11.9;1.0;0.0;-1.7;0;1;0.0
Grant Williams;BOS;2;22;0;1;22;63;30;33;18.1;4.7;1.7;3.9;43.7;0.8;2.0;37.2;0.5;0.8;58.8;0.8;2.1;2.8;1.0;0.9;0.5;0.4;2.6;11.4;0.0;0.0;-0.8;276 718;1;55.0
Semi Ojeleye;BOS;4;37;0;1;26;56;28;28;17.0;4.6;1.6;3.9;40.3;1.0;2.8;36.7;0.4;0.6;75.0;0.6;2.1;2.6;0.7;0.4;0.3;0.0;1.0;9.3;0.0;0.0;0.1;0;0;0.0
JaKarr Sampson;IND;1;61;0;5;28;29;14;15;10.9;4.6;1.9;3.9;49.6;0.1;0.5;20.0;0.7;1.0;65.5;0.9;1.7;2.7;0.1;0.5;0.1;0.5;1.8;9.2;0.0;0.0;0.1;0;1;0.0
Nassir Little;POR;2;25;0;1;21;48;27;21;13.3;4.6;1.6;3.5;46.7;0.6;1.7;35.0;0.8;0.9;80.0;0.7;2.0;2.7;0.5;0.4;0.1;0.3;1.1;9.3;0.0;0.0;-0.8;165 558;1;0.0
Onyeka Okongwu;ATL;1;6;0;1;20;50;31;19;12.0;4.6;1.9;3.0;64.4;0.0;0.1;0.0;0.7;1.1;63.2;1.2;2.0;3.3;0.4;0.6;0.5;0.7;2.0;11.8;2.0;0.0;-1.8;163 601;1;26.0
Kelan Martin;IND;1;61;0;2;25;35;16;19;9.2;4.5;1.8;3.9;44.9;0.7;1.7;40.0;0.3;0.3;90.0;0.5;1.7;2.2;0.5;0.5;0.3;0.3;1.0;9.1;0.0;0.0;2.7;0;1;0.0
Rodney Hood;TOR;1;23;0;4;28;55;29;26;17.1;4.5;1.7;4.7;36.2;0.6;2.1;30.1;0.4;0.5;85.7;0.4;1.5;1.9;1.0;0.7;0.4;0.1;1.3;9.2;0.0;0.0;-2.4;0;0;0.0
Solomon Hill;ATL;1;23;0;5;30;71;41;30;21.3;4.5;1.5;4.2;35.9;1.0;3.0;32.1;0.5;0.6;76.1;0.6;2.4;3.0;1.1;0.6;0.7;0.2;1.6;11.7;0.0;0.0;0.4;0;1;0.0
Charlie Brown Jr.;OKC;1;61;0;2;24;9;1;8;16.9;4.4;1.4;4.8;30.2;0.6;2.3;23.8;1.0;1.1;90.0;0.3;1.6;1.9;1.0;0.7;0.4;0.2;2.1;9.5;0.0;0.0;-4.8;0;1;0.0
Al-Farouq Aminu;CHI;1;8;0;5;30;23;5;18;18.9;4.4;1.7;4.3;38.4;0.3;1.6;21.6;0.8;1.0;81.8;1.0;3.8;4.8;1.3;1.2;0.8;0.4;1.3;14.6;1.0;0.0;-2.3;0;1;0.0
Stanley Johnson;TOR;1;8;0;3;25;61;25;36;16.5;4.4;1.5;3.8;38.2;0.7;2.2;32.8;0.7;0.9;80.0;0.5;2.0;2.5;1.5;0.9;0.9;0.3;1.9;12.1;2.0;0.0;-2.6;0;0;0.0
Andre Iguodala;MIA;2;9;1;4;37;63;37;26;21.3;4.4;1.5;3.9;38.3;1.0;2.9;33.0;0.4;0.6;65.8;0.6;2.9;3.5;2.3;1.1;0.9;0.6;1.4;15.3;0.0;0.0;-1.3;0;1;0.0
Yuta Watanabe;TOR;1;61;0;2;26;50;24;26;14.5;4.4;1.6;3.6;43.9;0.7;1.8;40.0;0.5;0.6;82.8;0.7;2.5;3.2;0.8;0.4;0.5;0.4;1.1;11.7;0.0;0.0;-0.8;0;1;0.0
Chandler Hutchison;WAS;1;22;0;2;25;25;11;14;13.8;4.3;1.6;4.1;37.9;0.3;0.9;36.4;0.8;1.0;84.0;0.2;2.9;3.1;0.7;0.8;0.5;0.2;1.3;10.3;0.0;0.0;-2.3;0;0;0.0
John Konchar;MEM;2;61;0;1;25;43;23;20;13.4;4.3;1.6;3.2;50.0;0.5;1.3;37.5;0.6;0.7;83.3;0.8;2.2;3.0;1.1;0.4;0.7;0.2;0.9;11.8;0.0;0.0;0.4;0;1;0.0
Devin Cannady;ORL;1;61;0;1;25;8;0;8;9.3;4.3;1.4;3.5;39.3;0.8;2.0;37.5;0.8;0.9;85.7;0.0;0.6;0.6;0.1;0.3;0.6;0.1;1.1;7.2;0.0;0.0;-2.9;0;1;0.0
Mike Scott;PHI;2;43;0;4;32;51;35;16;16.7;4.2;1.5;4.1;36.0;1.0;3.0;34.2;0.2;0.2;66.7;0.2;2.1;2.4;0.8;0.4;0.5;0.3;1.4;10.0;0.0;0.0;-0.2;0;1;0.0
Jevon Carter;PHX;1;32;0;3;25;60;42;18;11.9;4.1;1.6;3.7;42.2;0.9;2.5;37.1;0.1;0.1;57.1;0.3;1.3;1.5;1.2;0.3;0.5;0.2;0.9;9.4;1.0;0.0;0.5;100 846;1;45.0
Lamar Stevens;CLE;1;61;0;1;23;40;13;27;12.5;4.1;1.6;3.4;45.6;0.1;0.6;16.0;0.9;1.3;72.5;0.6;1.8;2.4;0.6;0.6;0.4;0.3;1.3;9.6;1.0;0.0;-2.9;0;1;132.0
Kevon Looney;GSW;6;30;0;1;25;61;34;27;19.0;4.1;1.8;3.2;54.8;0.1;0.3;23.5;0.5;0.8;64.6;1.9;3.4;5.3;2.0;0.6;0.3;0.4;2.2;14.9;0.0;0.0;2.1;440 908;1;13.0
Paul Watson;TOR;1;61;0;2;26;27;13;14;11.0;4.1;1.4;3.0;46.3;1.1;2.4;46.9;0.2;0.3;62.5;0.1;1.5;1.7;0.6;0.3;0.2;0.1;1.3;7.7;0.0;0.0;-0.1;0;0;0.0
Nico Mannion;GSW;1;48;0;1;20;30;17;13;12.1;4.1;1.3;3.8;34.2;0.7;2.0;36.7;0.8;0.9;82.1;0.2;1.3;1.5;2.3;1.0;0.5;0.0;1.0;10.1;0.0;0.0;-2.5;0;1;0.0
DaQuan Jeffries;SAS;1;61;0;3;23;31;6;25;15.9;4.1;1.6;3.9;41.7;0.6;2.2;29.9;0.2;0.3;87.5;0.6;1.7;2.3;0.7;0.5;0.5;0.3;1.5;9.9;0.0;0.0;-1.8;0;0;55.0
Josh Hall;OKC;1;61;0;1;20;21;2;19;16.0;4.1;1.4;4.7;30.3;0.2;1.8;10.8;1.0;2.1;50.0;0.3;2.5;2.8;1.3;1.2;0.2;0.0;1.8;9.0;1.0;0.0;-4.8;0;1;0.0
Obi Toppin;NYK;1;8;0;1;23;62;36;26;11.0;4.1;1.7;3.4;49.8;0.4;1.4;30.6;0.3;0.4;73.1;0.4;1.8;2.2;0.5;0.4;0.3;0.2;0.9;8.6;0.0;0.0;0.4;301 258;1;24.0
Darius Miller;OKC;1;46;0;3;31;18;5;13;10.9;4.1;1.2;2.7;45.8;0.9;2.3;40.5;0.7;0.7;100.0;0.1;1.2;1.3;1.2;0.4;0.7;0.3;0.7;10.0;0.0;0.0;2.1;0;1;0.0
Chris Chiozza;BKN;1;61;0;3;25;22;12;10;10.6;4.0;1.4;4.0;35.2;0.6;1.9;31.0;0.6;0.8;76.5;0.1;1.0;1.1;3.0;0.7;0.3;0.3;0.9;10.8;1.0;0.0;0.9;0;0;0.0
Jordan Bone;ORL;1;57;0;2;23;14;2;12;14.0;4.0;1.6;3.9;42.6;0.7;2.3;31.3;0.0;0.0;0.0;0.3;1.4;1.7;1.3;0.2;0.1;0.0;0.8;8.2;0.0;0.0;-4.2;0;1;0.0
Udonis Haslem;MIA;18;61;0;1;41;1;1;0;2.7;4.0;2.0;2.0;100.0;0.0;0.0;0.0;0.0;0.0;0.0;0.0;1.0;1.0;0.0;0.0;0.0;0.0;0.0;5.2;0.0;0.0;3.0;0;1;0.0
Cody Martin;CHA;2;36;0;1;25;52;26;26;16.3;4.0;1.6;3.6;44.1;0.3;1.1;27.6;0.5;0.8;58.1;1.0;2.1;3.1;1.7;0.8;0.7;0.2;1.0;12.2;1.0;0.0;-0.1;61 512;1;0.0
Carsen Edwards;BOS;2;33;0;1;23;31;14;17;8.9;4.0;1.5;3.6;42.3;0.6;2.0;28.6;0.4;0.4;84.6;0.1;0.7;0.8;0.5;0.2;0.2;0.0;0.8;6.2;0.0;0.0;-0.8;0;1;0.0
Matisse Thybulle;PHI;2;20;0;1;24;65;46;19;20.0;3.9;1.6;3.7;42.0;0.7;2.2;30.1;0.1;0.3;44.4;0.5;1.4;1.9;1.0;0.5;1.6;1.1;2.0;15.3;0.0;0.0;1.5;322 442;1;61.0
Brodric Thomas;CLE;1;61;0;2;24;32;6;26;12.5;3.9;1.2;3.4;36.1;0.5;1.8;27.1;1.0;1.4;67.4;0.3;1.4;1.7;0.9;0.7;0.5;0.3;1.3;9.0;0.0;0.0;-1.5;0;0;0.0
Kevin Knox II;NYK;3;9;0;1;21;42;26;16;11.1;3.9;1.3;3.4;39.2;0.8;2.1;39.3;0.4;0.5;80.0;0.2;1.2;1.5;0.5;0.4;0.3;0.1;0.9;7.2;0.0;0.0;-0.8;0;1;0.0
Justin James;SAC;2;40;0;1;24;36;15;21;8.6;3.9;1.4;3.1;46.8;0.4;1.1;36.8;0.6;1.0;58.3;0.3;0.6;0.8;0.6;0.4;0.2;0.1;0.6;6.3;0.0;0.0;-1.6;0;0;0.0
Dante Exum;HOU;1;5;0;2;25;6;3;3;19.4;3.8;1.7;4.3;38.5;0.3;1.8;18.2;0.2;0.3;50.0;0.3;2.5;2.8;2.2;1.2;0.7;0.3;1.5;12.3;0.0;0.0;1.0;211 016;1;106.0
Ersan Ilyasova;UTA;1;36;0;7;34;17;14;3;8.7;3.8;1.2;3.2;38.9;1.1;2.4;43.9;0.3;0.3;100.0;0.4;1.3;1.7;0.2;0.5;0.6;0.2;1.7;8.0;0.0;0.0;0.9;0;1;0.0
Tremont Waters;BOS;2;51;0;1;23;26;13;13;9.1;3.8;1.3;3.2;40.5;0.6;1.5;39.5;0.6;0.7;94.1;0.2;0.6;0.8;2.4;1.0;0.6;0.0;0.7;9.2;0.0;0.0;-0.4;0;0;0.0
Nathan Knight;ATL;1;61;0;1;23;33;21;12;8.4;3.8;1.1;3.0;37.0;0.2;1.0;18.2;1.3;1.7;80.0;0.8;1.4;2.2;0.2;0.5;0.3;0.3;0.7;8.0;1.0;0.0;-0.5;0;0;0.0
Skylar Mays;ATL;1;50;0;1;23;33;19;14;8.2;3.8;1.3;3.0;44.9;0.4;1.2;35.0;0.7;0.8;88.0;0.3;0.8;1.1;0.9;0.3;0.4;0.1;0.5;7.6;0.0;0.0;0.4;0;1;0.0
Thon Maker;CLE;1;10;0;4;24;8;3;5;9.6;3.8;1.3;2.3;55.6;0.0;0.3;0.0;1.3;1.4;90.9;1.0;1.3;2.3;0.5;0.4;0.3;0.5;0.9;9.1;0.0;0.0;-2.3;0;1;0.0
Isaiah Joe;PHI;1;49;0;1;21;41;22;19;9.3;3.7;1.2;3.2;36.1;1.0;2.6;36.8;0.4;0.6;75.0;0.1;0.7;0.9;0.5;0.3;0.3;0.1;0.8;6.4;0.0;0.0;0.0;102 258;1;59.0
P.J. Tucker;MIL;1;35;0;3;36;52;27;25;26.1;3.7;1.3;3.4;37.3;0.8;2.3;33.6;0.4;0.5;75.0;1.0;2.9;3.9;1.2;0.8;0.8;0.4;2.4;12.8;0.0;0.0;-3.4;1 025 247;0;121.0
Luka Samanic;SAS;2;19;0;1;21;33;14;19;9.3;3.7;1.4;3.2;44.8;0.4;1.3;27.9;0.5;0.9;55.2;0.5;1.6;2.1;0.5;0.6;0.2;0.2;1.3;7.7;0.0;0.0;-0.6;0;1;0.0
Javonte Green;CHI;2;61;0;2;27;41;19;22;11.6;3.6;1.3;2.5;52.0;0.2;0.7;33.3;0.7;1.0;75.0;0.6;1.1;1.7;0.4;0.5;0.7;0.1;1.1;8.3;0.0;0.0;0.4;89 264;1;131.0
Wenyen Gabriel;NOP;1;61;0;3;24;21;9;12;11.5;3.4;1.1;2.9;40.0;0.6;1.5;40.6;0.5;0.8;64.7;1.0;1.6;2.6;0.5;0.7;0.4;0.4;1.5;9.0;0.0;0.0;0.1;0;1;0.0
Luke Kornet;BOS;1;61;0;3;25;31;13;18;11.2;3.4;1.4;3.3;43.6;0.5;1.9;25.4;0.1;0.2;50.0;0.5;1.7;2.2;0.8;0.2;0.1;1.0;0.6;10.4;0.0;0.0;1.7;0;1;0.0
Paul Reed;PHI;1;58;0;1;22;26;17;9;6.8;3.4;1.6;3.0;53.8;0.0;0.2;0.0;0.2;0.3;50.0;1.2;1.2;2.3;0.5;0.5;0.4;0.5;1.1;9.1;1.0;0.0;1.4;0;1;0.0
Meyers Leonard;MIA;1;11;0;2;29;3;2;1;9.8;3.3;1.0;2.3;42.9;1.0;2.3;42.9;0.3;0.7;50.0;0.0;2.3;2.3;0.7;0.7;0.0;0.0;1.7;6.5;0.0;0.0;-1.3;0;1;0.0
Quinn Cook;CLE;1;61;0;5;28;23;13;10;6.8;3.3;1.3;3.0;42.6;0.5;1.1;42.3;0.3;0.3;87.5;0.1;0.7;0.7;0.8;0.3;0.2;0.0;0.4;5.7;0.0;0.0;-0.4;0;1;0.0
Zeke Nnaji;DEN;1;22;0;1;20;42;30;12;9.5;3.2;1.2;2.5;48.1;0.6;1.4;40.7;0.3;0.4;80.0;0.3;1.2;1.5;0.2;0.2;0.2;0.1;0.7;6.1;0.0;0.0;-2.0;38 983;1;77.0
Amir Coffey;LAC;2;61;0;1;24;44;32;12;9.0;3.2;1.0;2.3;43.7;0.5;1.3;41.1;0.6;0.9;71.1;0.2;0.8;1.0;0.5;0.3;0.2;0.0;0.7;5.5;0.0;0.0;-0.6;28 772;1;89.0
Killian Tillie;MEM;1;61;0;1;23;18;11;7;10.1;3.2;1.1;3.2;33.3;0.6;1.8;30.3;0.5;0.6;81.8;0.3;1.0;1.3;0.4;0.1;0.3;0.4;1.1;7.5;0.0;0.0;2.2;0;1;0.0
Mamadi Diakite;MIL;1;61;0;2;24;14;7;7;10.1;3.1;1.1;2.9;40.0;0.1;0.6;12.5;0.8;1.0;78.6;0.6;1.9;2.4;0.6;0.2;0.4;0.4;1.1;9.1;0.0;0.0;0.6;54 916;1;0.0
Alfonzo McKinnie;LAL;1;61;0;4;28;39;22;17;6.6;3.1;1.2;2.4;51.6;0.4;1.0;41.0;0.3;0.5;55.6;0.6;0.8;1.4;0.2;0.1;0.2;0.0;0.7;5.4;0.0;0.0;0.2;0;1;0.0
Romeo Langford;BOS;2;14;0;1;21;18;9;9;15.7;3.1;1.2;3.3;35.6;0.3;1.0;27.8;0.5;0.7;75.0;0.7;1.3;1.9;0.7;0.6;0.3;0.3;1.3;7.8;0.0;0.0;-3.7;0;1;0.0
Ryan Arcidiacono;CHI;4;61;0;1;27;44;20;24;10.2;3.1;1.1;2.7;41.9;0.6;1.5;37.3;0.3;0.5;65.0;0.1;1.4;1.5;1.3;0.2;0.2;0.0;1.1;7.2;0.0;0.0;0.2;0;0;0.0
Matt Thomas;UTA;1;61;0;2;26;45;27;18;7.3;3.1;1.1;2.8;39.4;0.6;1.8;33.8;0.3;0.3;85.7;0.2;0.8;1.0;0.4;0.3;0.1;0.0;0.4;4.9;0.0;0.0;-1.5;0;1;0.0
Anthony Gill;WAS;1;61;0;1;28;26;11;15;8.4;3.1;1.2;2.3;50.0;0.3;0.9;29.2;0.5;0.6;81.3;0.6;1.3;2.0;0.4;0.3;0.4;0.2;1.0;7.4;0.0;0.0;-0.7;0;1;0.0
Jahmi'us Ramsey;SAC;1;43;0;1;20;13;5;8;7.3;3.1;1.2;2.9;39.5;0.4;1.5;26.3;0.4;0.4;100.0;0.2;0.6;0.8;0.5;0.2;0.3;0.1;0.6;5.6;0.0;0.0;0.2;0;1;0.0
Gary Clark;PHI;1;61;0;3;26;39;12;27;16.8;3.1;1.0;3.4;30.3;0.8;2.8;28.7;0.2;0.3;80.0;0.8;2.1;2.9;0.8;0.4;0.3;0.2;0.9;8.9;0.0;0.0;-2.8;0;1;0.0
Cam Reynolds;HOU;1;61;0;3;26;5;3;2;8.1;3.0;1.2;3.6;33.3;0.6;2.4;25.0;0.0;0.0;0.0;0.4;0.6;1.0;0.4;0.0;0.0;0.0;0.4;4.8;0.0;0.0;-5.2;0;1;0.0
Reggie Perry;BKN;1;57;0;2;21;26;18;8;8.1;3.0;1.2;3.0;41.0;0.2;0.8;19.0;0.4;0.5;76.9;1.0;1.8;2.8;0.5;0.6;0.2;0.2;1.5;8.0;1.0;0.0;-1.4;0;0;0.0
Nicolo Melli;DAL;1;61;0;2;30;45;26;19;12.6;3.0;1.0;3.1;32.6;0.5;1.9;27.1;0.4;0.6;76.0;0.6;2.1;2.7;1.0;0.3;0.3;0.1;1.3;8.6;0.0;0.0;0.5;0;1;0.0
Sam Merrill;MIL;1;60;0;1;25;30;18;12;7.8;3.0;1.1;2.4;44.4;0.7;1.6;44.7;0.1;0.1;100.0;0.2;0.8;1.0;0.7;0.3;0.3;0.0;0.6;5.8;0.0;0.0;-1.3;31 885;1;105.0
Trent Forrest;UTA;1;61;0;1;23;30;22;8;10.1;2.9;1.1;2.4;45.1;0.2;0.9;19.2;0.6;0.6;100.0;0.4;1.1;1.5;1.5;0.7;0.3;0.1;0.7;7.5;0.0;0.0;-1.6;0;1;0.0
Thanasis Antetokounmpo;MIL;2;51;0;2;28;57;37;20;9.7;2.9;1.2;2.4;48.9;0.1;0.5;24.1;0.4;0.9;51.0;0.9;1.2;2.2;0.8;0.8;0.4;0.2;1.3;7.7;1.0;0.0;-0.2;0;1;0.0
Harry Giles III;POR;1;20;0;2;23;38;23;15;9.2;2.8;1.1;2.6;43.3;0.2;0.6;34.8;0.4;0.7;59.3;0.8;2.7;3.5;0.8;0.5;0.2;0.3;1.4;9.3;0.0;0.0;-2.1;0;1;0.0
Markus Howard;DEN;1;61;0;1;22;37;24;13;5.5;2.8;1.1;2.9;37.7;0.5;1.8;27.7;0.2;0.2;77.8;0.0;0.5;0.6;0.5;0.5;0.1;0.0;0.6;4.2;0.0;0.0;-1.9;0;1;0.0
Bruno Caboclo;HOU;1;20;0;4;25;6;1;5;6.1;2.8;1.3;2.8;47.1;0.0;0.8;0.0;0.2;0.3;50.0;0.5;1.8;2.3;0.2;0.7;0.0;0.3;1.0;6.2;0.0;0.0;0.0;0;1;0.0
Kyle Guy;SAC;1;55;0;2;23;31;11;20;7.6;2.8;0.9;2.8;33.0;0.4;1.5;28.3;0.5;0.6;80.0;0.2;1.0;1.1;1.0;0.4;0.2;0.0;0.6;5.9;0.0;0.0;-0.5;0;0;0.0
Matthew Dellavedova;CLE;1;61;0;2;30;13;4;9;17.2;2.8;1.1;4.3;25.0;0.3;1.9;16.0;0.3;0.3;100.0;0.5;1.4;1.8;4.5;0.5;0.3;0.1;1.6;12.4;0.0;0.0;-1.4;0;1;0.0
Frank Ntilikina;NYK;4;8;0;1;22;33;23;10;9.8;2.7;0.9;2.4;36.7;0.7;1.5;47.9;0.2;0.5;44.4;0.2;0.8;0.9;0.6;0.3;0.5;0.1;1.4;6.4;0.0;0.0;-1.0;0;0;0.0
Didi Louzada;NOP;1;35;0;1;21;3;0;3;18.8;2.7;1.0;4.3;23.1;0.7;2.7;25.0;0.0;0.0;0.0;0.3;0.7;1.0;1.0;1.0;0.7;0.0;1.7;6.4;0.0;0.0;-3.7;0;1;0.0
Keita Bates-Diop;SAS;2;48;0;2;25;30;13;17;8.2;2.6;1.0;2.2;44.8;0.2;0.6;29.4;0.5;0.7;66.7;0.3;1.3;1.6;0.4;0.2;0.4;0.2;0.4;6.6;0.0;0.0;-1.2;41 496;1;0.0
Amida Brimah;IND;1;61;0;1;27;5;2;3;5.9;2.6;1.0;1.6;62.5;0.0;0.0;0.0;0.6;0.6;100.0;0.4;1.2;1.6;0.2;0.8;0.0;1.0;0.8;7.0;0.0;0.0;4.4;0;1;0.0
Anderson Varejao;CLE;1;30;0;2;38;5;1;4;7.2;2.6;0.8;3.2;25.0;0.0;0.2;0.0;1.0;1.8;55.6;1.4;2.6;4.0;0.6;0.2;0.0;0.4;0.6;9.3;0.0;0.0;-6.6;0;1;0.0
Josh Green;DAL;1;18;0;1;20;39;20;19;11.4;2.6;1.1;2.4;45.2;0.1;0.6;16.0;0.3;0.6;56.5;0.7;1.3;2.0;0.7;0.4;0.4;0.1;0.9;7.1;0.0;0.0;0.4;190 144;1;31.0
Grant Riller;CHA;1;56;0;1;24;7;2;5;3.9;2.6;1.1;1.7;66.7;0.3;0.6;50.0;0.0;0.0;0.0;0.0;0.1;0.1;0.4;0.1;0.1;0.0;0.0;3.7;0.0;0.0;-0.6;0;0;0.0
Tre Jones;SAS;1;41;0;1;21;37;15;22;7.3;2.5;1.0;2.1;47.4;0.1;0.1;60.0;0.5;0.5;89.5;0.2;0.4;0.6;1.1;0.4;0.2;0.0;0.4;5.1;0.0;0.0;-2.2;283 467;1;68.0
Gary Payton II;GSW;1;61;0;4;28;10;7;3;4.0;2.5;1.0;1.3;76.9;0.2;0.4;50.0;0.3;0.4;75.0;0.2;0.9;1.1;0.1;0.1;0.6;0.1;0.8;6.0;0.0;0.0;0.1;663 626;1;16.0
Jordan Bell;GSW;1;38;0;4;26;6;3;3;13.6;2.5;1.2;3.7;31.8;0.0;0.3;0.0;0.2;0.3;50.0;1.2;2.8;4.0;1.2;0.7;0.5;0.8;1.2;12.4;0.0;0.0;-5.3;0;1;0.0
KZ Okpala;MIA;2;32;0;2;22;37;22;15;12.1;2.5;1.0;2.6;37.5;0.3;1.4;24.0;0.2;0.4;53.3;0.6;1.3;1.8;0.5;0.4;0.3;0.3;1.6;6.8;0.0;0.0;-1.8;0;1;0.0
Tacko Fall;BOS;2;61;0;2;25;19;13;6;7.1;2.5;1.1;1.5;72.4;0.0;0.0;0.0;0.3;0.8;33.3;0.8;1.9;2.7;0.2;0.3;0.1;1.1;1.2;9.0;0.0;0.0;1.4;0;0;0.0
Rondae Hollis-Jefferson;POR;1;23;0;3;26;11;6;5;9.8;2.5;0.8;1.6;50.0;0.0;0.1;0.0;0.8;1.5;56.3;1.0;1.4;2.4;1.2;0.2;0.2;0.4;1.4;8.5;0.0;0.0;-0.6;0;1;0.0
Jeremiah Martin;CLE;1;61;0;2;25;9;0;9;8.4;2.4;1.0;3.7;27.3;0.3;1.3;25.0;0.1;0.6;20.0;0.2;0.6;0.8;0.4;0.7;0.6;0.2;0.1;5.7;0.0;0.0;-2.9;0;1;0.0
Mfiondu Kabengele;CLE;1;27;0;2;23;39;20;19;7.2;2.4;0.8;2.3;37.1;0.3;1.3;26.0;0.4;0.5;80.0;0.3;1.2;1.5;0.4;0.4;0.2;0.3;0.9;6.2;0.0;0.0;-2.4;0;1;0.0
Rayjon Tucker;PHI;1;61;0;3;23;14;8;6;4.9;2.4;0.6;1.3;50.0;0.1;0.5;28.6;1.0;1.4;73.7;0.1;0.7;0.8;0.4;0.3;0.1;0.0;0.6;4.2;0.0;0.0;-0.9;0;1;0.0
Vernon Carey Jr.;CHA;1;32;0;1;20;19;9;10;6.0;2.4;0.9;1.9;50.0;0.1;0.4;14.3;0.5;0.6;81.8;0.3;1.1;1.4;0.1;0.3;0.1;0.3;0.7;5.0;0.0;0.0;-0.6;0;1;0.0
Wes Iwundu;NOP;1;33;0;3;26;41;17;24;13.1;2.4;0.8;2.5;33.3;0.1;1.0;12.2;0.6;0.8;83.9;0.4;1.8;2.2;0.4;0.5;0.4;0.1;1.2;6.6;0.0;0.0;-2.3;0;1;0.0
Justin Robinson;OKC;1;61;0;3;23;9;0;9;9.7;2.3;0.8;2.3;33.3;0.4;1.6;28.6;0.3;0.6;60.0;0.1;0.7;0.8;1.0;0.2;0.3;0.0;1.1;5.5;0.0;0.0;-5.0;0;1;0.0
Quinndary Weatherspoon;SAS;1;49;0;2;24;20;8;12;6.1;2.3;0.8;1.8;45.7;0.1;0.3;16.7;0.7;0.8;81.3;0.2;0.4;0.6;0.4;0.5;0.4;0.1;0.9;4.6;0.0;0.0;-3.0;0;1;0.0
Jarrell Brantley;UTA;2;50;0;2;25;28;23;5;4.9;2.3;0.9;1.9;48.1;0.4;1.0;42.9;0.1;0.1;100.0;0.3;0.6;1.0;0.5;0.3;0.3;0.1;0.6;4.9;0.0;0.0;-0.9;0;1;0.0
CJ Elleby;POR;1;46;0;1;21;30;19;11;6.4;2.3;0.8;2.2;37.9;0.2;1.1;20.6;0.4;0.5;73.3;0.4;0.7;1.1;0.3;0.2;0.2;0.1;0.9;4.8;0.0;0.0;-0.5;0;1;0.0
Sean McDermott;MEM;1;61;0;1;24;18;10;8;8.8;2.2;0.7;1.8;39.4;0.3;1.2;22.7;0.4;0.4;100.0;0.3;0.7;1.1;0.2;0.2;0.1;0.2;0.4;4.4;0.0;0.0;-3.2;0;1;0.0
Bol Bol;DEN;2;44;0;1;21;32;21;11;5.0;2.2;0.8;1.8;43.1;0.3;0.8;37.5;0.3;0.5;66.7;0.0;0.8;0.8;0.2;0.4;0.1;0.3;0.4;4.2;0.0;0.0;-2.5;933 895;1;17.0
Shaquille Harrison;DEN;1;61;0;4;27;34;27;7;9.8;2.1;0.8;2.3;33.3;0.1;0.5;18.8;0.5;0.6;81.8;0.2;1.2;1.4;0.7;0.3;0.5;0.1;1.0;6.6;0.0;0.0;-2.2;0;0;0.0
Chris Silva;SAC;2;61;0;2;24;15;8;7;6.2;2.1;0.7;1.1;62.5;0.1;0.1;100.0;0.7;1.0;73.3;0.5;1.3;1.8;0.4;0.7;0.1;0.4;1.6;5.6;0.0;0.0;-0.1;0;0;0.0
Devon Dotson;CHI;1;61;0;2;21;11;4;7;4.6;2.1;1.0;1.9;52.4;0.1;0.6;14.3;0.0;0.0;0.0;0.2;0.3;0.5;0.6;0.0;0.4;0.0;0.3;4.7;0.0;0.0;2.9;0;1;0.0
Ed Davis;MIN;1;13;0;7;32;23;5;18;13.0;2.1;0.8;1.9;43.2;0.0;0.0;0.0;0.4;0.5;83.3;2.0;3.0;5.0;0.9;0.3;0.6;0.6;2.4;12.5;0.0;0.0;-2.0;0;1;0.0
Vlatko Cancar;DEN;2;49;0;1;24;41;28;13;6.9;2.1;0.8;1.8;45.8;0.2;0.8;27.3;0.2;0.3;76.9;0.3;1.0;1.2;0.3;0.3;0.3;0.0;0.4;4.7;0.0;0.0;-2.5;33 744;1;80.0
Deividas Sirvydis;DET;1;37;0;1;21;20;8;12;6.7;2.1;0.7;2.0;35.0;0.5;1.4;35.7;0.2;0.3;50.0;0.0;1.5;1.5;0.3;0.3;0.1;0.0;0.5;4.2;0.0;0.0;-1.2;0;1;0.0
Jontay Porter;MEM;1;61;0;1;21;11;7;4;4.9;2.0;0.7;1.4;53.3;0.3;0.7;37.5;0.3;0.5;60.0;0.4;0.9;1.3;0.1;0.6;0.3;0.1;1.1;4.1;0.0;0.0;0.1;0;1;0.0
Ray Spalding;HOU;1;56;0;2;24;2;0;2;9.4;2.0;1.0;2.0;50.0;0.0;0.5;0.0;0.0;1.0;0.0;1.0;1.0;2.0;0.0;1.5;0.0;1.0;1.5;5.9;0.0;0.0;-3.5;0;1;0.0
Jalen Smith;PHX;1;10;0;1;21;27;19;8;5.8;2.0;0.8;1.9;44.0;0.1;0.6;23.5;0.2;0.3;71.4;0.3;1.1;1.4;0.1;0.3;0.0;0.1;0.6;4.1;1.0;0.0;-0.6;57 479;1;72.0
Nate Hinton;DAL;1;61;0;1;22;21;11;10;4.4;2.0;0.7;2.0;35.7;0.2;0.9;21.1;0.3;0.5;70.0;0.0;0.4;0.4;0.4;0.2;0.3;0.1;0.4;4.1;0.0;0.0;-2.6;0;0;0.0
Sindarius Thornwell;ORL;1;48;0;2;26;21;7;14;10.3;2.0;0.7;2.2;32.6;0.3;1.1;30.4;0.2;0.4;50.0;0.1;0.7;0.9;1.0;0.3;0.6;0.1;0.7;6.3;0.0;0.0;-0.4;0;1;0.0
Devontae Cacok;LAL;2;61;0;2;24;20;8;12;4.9;2.0;0.9;1.5;58.6;0.0;0.0;0.0;0.3;0.6;45.5;0.6;1.0;1.6;0.1;0.3;0.3;0.2;0.4;5.0;0.0;0.0;2.1;0;1;0.0
Isaac Bonga;WAS;1;39;0;3;21;40;16;24;10.8;2.0;0.8;2.0;37.0;0.3;1.2;27.7;0.1;0.2;62.5;0.5;1.2;1.7;0.6;0.6;0.3;0.2;1.6;5.7;0.0;0.0;-0.9;0;0;0.0
Miye Oni;UTA;2;58;0;1;23;54;45;9;9.6;1.9;0.6;1.8;35.4;0.6;1.6;34.1;0.1;0.1;83.3;0.4;1.1;1.6;0.5;0.3;0.2;0.1;1.1;5.3;0.0;0.0;1.7;0;1;0.0
Alen Smailagic;GSW;2;39;0;1;20;15;10;5;5.6;1.9;0.7;1.8;40.7;0.3;0.7;40.0;0.1;0.4;33.3;0.4;0.7;1.1;0.3;0.3;0.2;0.3;0.7;4.8;0.0;0.0;-2.1;0;1;0.0
Cassius Winston;WAS;1;53;0;1;23;22;10;12;4.5;1.9;0.6;1.5;42.4;0.4;0.8;47.1;0.2;0.3;83.3;0.0;0.4;0.4;0.5;0.2;0.1;0.0;0.4;3.4;0.0;0.0;-2.2;0;1;0.0
Daniel Oturu;LAC;1;33;0;1;21;30;21;9;5.4;1.8;0.7;1.7;42.3;0.0;0.2;20.0;0.3;0.4;75.0;0.7;0.9;1.6;0.3;0.3;0.1;0.2;0.8;5.0;1.0;0.0;0.3;0;1;0.0
Axel Toupane;MIL;1;61;0;2;28;8;2;6;7.7;1.8;0.5;1.4;36.4;0.1;0.3;50.0;0.6;0.9;71.4;0.0;0.8;0.8;0.5;0.0;0.3;0.4;0.8;5.3;0.0;0.0;-0.4;0;1;0.0
Elijah Hughes;UTA;1;39;0;1;23;18;14;4;3.5;1.7;0.6;1.7;33.3;0.4;1.3;34.8;0.2;0.2;75.0;0.1;0.4;0.5;0.3;0.3;0.1;0.1;0.1;2.8;0.0;0.0;-2.1;0;1;0.0
T.J. Leaf;POR;1;18;0;2;24;7;6;1;5.1;1.7;0.7;1.4;50.0;0.0;0.0;0.0;0.3;0.3;100.0;0.0;0.7;0.7;0.1;0.3;0.3;0.1;0.1;3.8;0.0;0.0;-2.9;0;1;0.0
James Nunnally;NOP;1;61;0;4;30;9;3;6;5.3;1.7;0.6;1.4;38.5;0.4;1.3;33.3;0.1;0.2;50.0;0.2;0.8;1.0;0.3;0.2;0.0;0.0;0.1;3.1;0.0;0.0;-0.4;0;1;0.0
Tim Frazier;MEM;1;61;0;6;30;5;5;0;12.4;1.6;0.6;4.0;15.0;0.0;1.6;0.0;0.4;1.2;33.3;0.0;1.6;1.6;3.2;0.8;0.4;0.2;1.4;9.3;0.0;0.0;1.0;0;1;0.0
Anthony Tolliver;PHI;1;61;0;11;36;11;7;4;9.0;1.5;0.4;1.5;23.5;0.4;1.3;28.6;0.5;0.5;83.3;0.3;0.6;0.9;0.2;0.3;0.3;0.2;0.6;4.0;0.0;0.0;2.7;0;1;0.0
Bruno Fernando;ATL;2;34;0;2;22;33;20;13;6.8;1.5;0.5;1.3;40.9;0.0;0.1;0.0;0.5;0.7;68.2;0.5;1.9;2.4;0.3;0.6;0.1;0.1;0.7;4.8;0.0;0.0;-0.7;107 359;1;0.0
Norvel Pelle;NYK;1;61;0;4;28;13;8;5;6.4;1.5;0.6;1.2;53.3;0.0;0.0;0.0;0.3;0.5;66.7;0.5;1.0;1.5;0.2;0.2;0.1;0.7;1.1;5.6;0.0;0.0;1.8;0;1;0.0
Robert Woodard II;SAC;1;40;0;1;21;13;3;10;3.5;1.5;0.6;1.5;40.0;0.1;0.5;16.7;0.2;0.6;37.5;0.3;0.9;1.2;0.2;0.1;0.0;0.2;0.3;3.9;0.0;0.0;0.8;0;1;0.0
Cassius Stanley;IND;1;54;0;2;21;24;10;14;3.9;1.5;0.5;1.8;30.2;0.1;0.5;23.1;0.3;0.4;77.8;0.3;0.5;0.8;0.0;0.0;0.0;0.1;0.6;2.9;0.0;0.0;0.8;0;0;0.0
Rodions Kurucs;MIL;1;40;0;3;23;21;10;11;5.9;1.5;0.5;1.5;34.4;0.3;1.0;28.6;0.1;0.2;75.0;0.2;0.9;1.1;0.5;0.6;0.4;0.2;0.8;4.7;0.0;0.0;-0.1;0;1;0.0
Nate Darling;CHA;1;61;0;1;22;7;3;4;3.7;1.3;0.3;1.0;28.6;0.3;1.0;28.6;0.4;0.4;100.0;0.1;0.0;0.1;0.1;0.1;0.0;0.1;0.1;2.0;0.0;0.0;-4.3;0;1;0.0
Cristiano Felicio;CHI;6;61;0;1;28;18;6;12;4.6;1.3;0.4;0.7;53.8;0.0;0.1;0.0;0.5;0.9;56.3;0.6;0.9;1.4;0.5;0.2;0.2;0.0;0.6;4.2;0.0;0.0;1.2;0;1;0.0
Jalen Lecque;IND;1;61;0;2;21;4;2;2;3.0;1.3;0.3;2.3;11.1;0.0;0.3;0.0;0.8;0.8;100.0;0.5;0.8;1.3;0.5;0.0;0.0;0.0;0.0;3.5;0.0;0.0;-1.0;0;1;0.0
Kris Dunn;ATL;1;5;0;3;27;4;1;3;11.4;1.3;0.3;3.0;8.3;0.0;0.5;0.0;0.8;1.0;75.0;0.0;1.5;1.5;0.5;0.8;0.5;0.5;2.5;6.1;0.0;0.0;-7.8;0;1;5.0
Juwan Morgan;UTA;1;61;0;2;24;29;24;5;5.1;1.2;0.5;1.0;46.7;0.1;0.4;30.8;0.1;0.2;42.9;0.3;0.7;1.0;0.3;0.1;0.1;0.0;0.7;3.2;0.0;0.0;-3.7;0;0;0.0
Andre Roberson;BKN;1;26;0;2;29;5;4;1;12.6;1.2;0.4;2.8;14.3;0.2;1.6;12.5;0.2;0.4;50.0;1.4;1.6;3.0;0.8;0.4;0.6;0.2;0.8;8.0;0.0;0.0;-3.8;0;1;0.0
Marques Bolden;CLE;1;61;0;1;23;6;2;4;4.8;1.2;0.2;0.5;33.3;0.0;0.0;0.0;0.8;1.3;62.5;0.5;0.5;1.0;0.0;0.3;0.3;0.3;0.0;4.0;0.0;0.0;0.8;0;1;0.0
Karim Mane;ORL;1;61;0;1;21;10;2;8;8.8;1.1;0.3;1.3;23.1;0.1;0.2;50.0;0.4;0.5;80.0;0.1;1.3;1.4;0.4;0.3;0.0;0.2;1.0;3.7;0.0;0.0;-2.2;0;1;0.0
Adam Mokoka;CHI;2;61;0;1;22;14;3;11;4.0;1.1;0.5;1.4;36.8;0.1;0.7;10.0;0.0;0.1;0.0;0.1;0.3;0.4;0.4;0.4;0.1;0.1;0.4;2.3;0.0;0.0;-0.6;0;1;0.0
Udoka Azubuike;UTA;1;27;0;1;21;15;13;2;3.8;1.1;0.3;0.6;44.4;0.0;0.0;0.0;0.5;0.7;80.0;0.3;0.6;0.9;0.0;0.2;0.1;0.3;0.6;2.9;0.0;0.0;-4.3;0;1;0.0
Iman Shumpert;BKN;1;17;0;6;31;2;1;1;5.5;1.0;0.5;2.0;25.0;0.0;1.5;0.0;0.0;0.0;0.0;0.5;0.0;0.5;0.0;0.5;0.5;0.0;0.0;2.6;0.0;0.0;-0.5;0;1;0.0
Malik Fitts;LAC;1;61;0;1;23;3;3;0;3.6;1.0;0.3;1.0;33.3;0.3;0.7;50.0;0.0;0.0;0.0;0.0;1.0;1.0;0.0;0.0;0.0;0.0;1.0;2.2;0.0;0.0;-2.0;0;1;0.0
Patrick McCaw;TOR;2;38;0;3;25;5;2;3;6.7;1.0;0.2;0.2;100.0;0.0;0.0;0.0;0.6;0.6;100.0;0.2;0.4;0.6;0.8;0.0;0.4;0.0;1.2;4.1;0.0;0.0;-3.6;0;1;0.0
Tyler Bey;DAL;1;36;0;1;23;18;11;7;3.9;1.0;0.4;1.2;31.8;0.1;0.2;25.0;0.2;0.3;60.0;0.4;0.6;1.1;0.2;0.2;0.0;0.1;0.3;2.5;0.0;0.0;-2.1;0;1;0.0
Tyrell Terry;DAL;1;31;0;1;20;11;2;9;5.1;1.0;0.5;1.5;31.3;0.0;0.6;0.0;0.1;0.3;33.3;0.0;0.5;0.5;0.5;0.2;0.5;0.0;0.2;3.7;0.0;0.0;0.0;0;1;0.0
Nick Richards;CHA;1;42;0;1;23;18;9;9;3.5;0.8;0.2;0.5;44.4;0.0;0.1;0.0;0.4;0.6;63.6;0.2;0.4;0.6;0.1;0.2;0.0;0.0;0.4;1.6;0.0;0.0;-0.7;126 685;1;89.0
Kostas Antetokounmpo;LAL;1;60;0;2;23;15;6;9;3.7;0.8;0.2;0.7;30.0;0.0;0.0;0.0;0.4;0.9;46.2;0.3;1.0;1.3;0.1;0.7;0.1;0.3;0.5;2.9;0.0;0.0;1.8;0;1;0.0
Vincent Poirier;PHI;1;61;0;1;27;10;8;2;3.9;0.8;0.3;1.2;25.0;0.0;0.1;0.0;0.2;0.6;33.3;0.6;0.8;1.4;0.2;0.4;0.0;0.3;0.8;3.3;0.0;0.0;-1.6;0;1;0.0
Keljin Blevins;POR;1;61;0;1;25;17;11;6;4.4;0.7;0.3;1.2;25.0;0.1;0.5;25.0;0.0;0.0;0.0;0.2;0.4;0.6;0.2;0.3;0.1;0.0;0.5;1.8;0.0;0.0;-2.2;0;1;0.0
Ty-Shon Alexander;PHX;1;61;0;1;22;15;11;4;3.2;0.6;0.2;0.8;25.0;0.1;0.6;22.2;0.1;0.1;50.0;0.1;0.5;0.7;0.4;0.2;0.0;0.1;0.1;2.0;0.0;0.0;-0.5;0;1;0.0
Brian Bowen II;IND;2;61;0;1;22;6;1;5;2.5;0.5;0.2;0.7;25.0;0.0;0.2;0.0;0.2;0.2;100.0;0.0;0.5;0.5;0.0;0.0;0.0;0.0;0.2;1.1;0.0;0.0;0.5;0;1;0.0
Jared Dudley;LAL;2;22;0;7;35;12;7;5;6.7;0.5;0.2;0.8;22.2;0.2;0.5;33.3;0.0;0.0;0.0;0.3;1.4;1.8;0.4;0.2;0.1;0.1;0.6;3.6;0.0;0.0;0.2;0;1;0.0
Jared Harper;NYK;1;61;0;2;23;8;5;3;2.0;0.4;0.0;0.5;0.0;0.0;0.1;0.0;0.4;0.5;75.0;0.0;0.3;0.3;0.1;0.4;0.0;0.0;0.1;0.5;0.0;0.0;-0.6;0;1;0.0
Jaylen Adams;MIL;1;61;0;2;25;7;5;2;2.6;0.3;0.1;1.1;12.5;0.0;0.3;0.0;0.0;0.0;0.0;0.0;0.4;0.4;0.3;0.0;0.0;0.0;0.1;1.2;0.0;0.0;-1.7;0;1;0.0
Terrance Ferguson;PHI;1;21;0;2;23;13;10;3;3.8;0.2;0.1;0.5;14.3;0.0;0.4;0.0;0.0;0.0;0.0;0.0;0.1;0.1;0.2;0.3;0.1;0.0;0.5;0.4;0.0;0.0;-1.5;0;1;0.0
Theo Pinson;NYK;1;61;0;2;25;17;9;8;2.0;0.1;0.1;0.5;11.1;0.0;0.5;0.0;0.0;0.0;0.0;0.0;0.3;0.3;0.1;0.1;0.0;0.0;0.2;0.5;0.0;0.0;-0.9;0;0;0.0
Anzejs Pasecniks;WAS;1;61;0;1;25;1;1;0;6.3;0.0;0.0;1.0;0.0;0.0;1.0;0.0;0.0;0.0;0.0;1.0;0.0;1.0;1.0;5.0;0.0;0.0;2.0;-2.3;0.0;0.0;-13.0;0;1;0.0
Ashton Hagans;MIN;1;61;0;1;21;2;0;2;2.0;0.0;0.0;0.0;0.0;0.0;0.0;0.0;0.0;0.0;0.0;0.0;0.0;0.0;0.0;0.5;0.0;0.0;0.0;-0.5;0.0;0.0;-1.5;0;1;0.0
Greg Whittington;DEN;1;61;0;1;28;4;3;1;3.0;0.0;0.0;0.8;0.0;0.0;0.5;0.0;0.0;0.0;0.0;0.0;0.0;0.0;0.0;0.0;0.0;0.0;0.0;0.0;0.0;0.0;2.3;0;1;0.0
Noah Vonleh;BKN;1;9;0;6;25;4;3;1;2.7;0.0;0.0;0.8;0.0;0.0;0.5;0.0;0.0;0.0;0.0;0.0;0.3;0.3;0.3;0.5;0.0;0.0;0.5;0.2;0.0;0.0;-4.0;0;1;0.0
Will Magnay;NOP;1;61;0;1;23;1;1;0;3.3;0.0;0.0;1.0;0.0;0.0;1.0;0.0;0.0;0.0;0.0;0.0;0.0;0.0;0.0;1.0;0.0;0.0;1.0;-1.0;0.0;0.0;-10.0;0;1;0.0