Player,Team,years_with_team,draft_pos,all_star,num_teams,Age,GP,W,L,Min,PTS,FGM,FGA,FG%,3PM,3PA,3P%,FTM,FTA,FT%,OREB,DREB,REB,AST,TOV,STL,BLK,PF,FP,DD2,TD3,+/-,ig_followers,resigned,Agent
Trevor Ariza,23,1,43,0,10,36,30,17,13,28.0,9.4,3.3,8.0,41.1,1.7,4.8,35.0,1.1,1.5,77.3,0.9,3.9,4.8,1.8,0.7,1.0,0.6,1.8,22.1,1.0,0.0,1.3,0,0,0.0
Jalen McDaniels,27,2,52,0,1,23,47,18,29,19.2,7.4,2.8,6.0,46.8,0.7,2.2,33.3,1.0,1.4,70.3,1.0,2.6,3.6,1.1,1.0,0.6,0.4,2.0,15.4,2.0,0.0,-3.8,55513,1,23.0
Garrett Temple,6,1,61,0,10,35,56,25,31,27.3,7.6,2.8,6.8,41.5,1.2,3.6,33.5,0.7,0.9,80.0,0.5,2.3,2.9,2.2,1.0,0.8,0.5,2.3,17.2,0.0,0.0,0.9,59046,0,100.0
Jaylen Nowell,17,2,43,0,1,21,42,10,32,18.1,9.0,3.4,8.0,42.4,1.2,3.6,33.3,1.1,1.3,81.8,0.5,1.8,2.3,1.5,0.7,0.5,0.3,1.7,15.7,0.0,0.0,-2.4,53851,1,0.0
Amir Coffey,16,2,61,0,1,24,44,32,12,9.0,3.2,1.0,2.3,43.7,0.5,1.3,41.1,0.6,0.9,71.1,0.2,0.8,1.0,0.5,0.3,0.2,0.0,0.7,5.5,0.0,0.0,-0.6,28772,1,89.0
Terrence Ross,29,4,8,0,3,30,46,16,30,29.3,15.6,5.5,13.4,41.2,1.9,5.7,33.7,2.6,3.0,87.0,0.3,3.1,3.4,2.3,1.6,1.0,0.5,1.9,26.1,0.0,0.0,-5.1,0,1,0.0
Terence Davis,14,1,61,0,2,24,61,26,35,17.6,8.7,3.2,7.5,42.8,1.6,4.4,36.7,0.7,0.9,81.8,0.3,2.2,2.5,1.4,1.0,0.7,0.2,1.6,15.6,0.0,0.0,-1.1,0,1,0.0
John Wall,26,1,1,5,2,30,40,12,28,32.2,20.6,7.3,18.2,40.4,2.0,6.2,31.7,4.0,5.3,74.9,0.4,2.8,3.2,6.9,3.5,1.1,0.8,1.2,36.7,7.0,1.0,-4.2,0,1,0.0
Jae'Sean Tate,26,1,61,0,1,25,70,17,53,29.2,11.3,4.5,8.9,50.6,0.9,2.8,30.8,1.5,2.1,69.4,1.9,3.5,5.3,2.5,1.4,1.2,0.5,3.2,25.4,3.0,0.0,-2.7,0,1,0.0
Wesley Matthews,15,1,61,0,6,34,58,33,25,19.5,4.8,1.5,4.3,35.3,1.1,3.4,33.5,0.6,0.7,85.4,0.3,1.3,1.6,0.9,0.4,0.7,0.3,1.4,10.5,0.0,0.0,0.7,0,1,0.0
Aaron Gordon,11,1,4,0,2,25,50,29,21,27.7,12.4,4.6,10.0,46.3,1.2,3.5,33.5,1.9,3.0,65.1,1.5,4.1,5.7,3.2,1.9,0.7,0.7,1.8,26.1,3.0,1.0,1.2,1233756,1,40.0
Richaun Holmes,14,2,37,0,3,27,61,29,32,29.2,14.2,6.0,9.4,63.7,0.0,0.2,18.2,2.2,2.8,79.4,2.4,5.9,8.3,1.7,1.2,0.6,1.6,3.5,32.1,21.0,0.0,0.1,62043,1,35.0
Norman Powell,2,1,46,0,2,28,69,32,37,32.0,18.6,6.3,13.3,47.7,2.5,6.0,41.1,3.4,3.9,87.1,0.6,2.5,3.1,1.9,1.7,1.2,0.3,2.3,27.8,0.0,0.0,1.1,314227,1,39.0
Dewayne Dedmon,23,1,61,0,6,31,16,11,5,13.2,7.1,2.9,4.1,70.8,0.1,0.3,20.0,1.3,1.7,74.1,1.8,3.6,5.4,0.8,0.8,0.6,0.4,2.3,16.6,1.0,0.0,4.3,0,1,0.0
Domantas Sabonis,25,4,11,2,2,25,62,29,33,36.0,20.3,7.8,14.6,53.5,0.8,2.6,32.1,3.9,5.3,73.2,2.4,9.5,12.0,6.7,3.4,1.2,0.5,3.3,46.6,48.0,9.0,-1.5,381781,1,14.0
Patrick Beverley,16,4,42,0,2,32,37,25,12,22.5,7.5,2.5,5.9,42.3,1.5,3.8,39.7,1.0,1.2,80.0,0.8,2.4,3.2,2.1,0.9,0.8,0.8,2.9,18.2,0.0,0.0,4.0,0,1,0.0
Gordon Hayward,27,1,9,1,3,31,44,24,20,34.0,19.6,7.1,15.0,47.3,1.9,4.7,41.5,3.5,4.2,84.3,0.8,5.0,5.9,4.1,2.1,1.2,0.3,1.7,35.3,2.0,0.0,0.4,0,1,0.0
Jaxson Hayes,7,2,8,0,1,21,60,24,36,16.1,7.5,2.9,4.7,62.5,0.1,0.2,42.9,1.6,2.0,77.5,1.5,2.8,4.3,0.6,0.7,0.4,0.6,1.7,16.0,0.0,0.0,-0.4,307948,1,10.0
Gorgui Dieng,22,1,21,0,3,31,38,14,24,14.5,6.8,2.2,4.3,52.1,0.8,1.8,42.9,1.5,1.8,86.6,1.1,2.6,3.7,1.3,0.8,0.7,0.4,1.5,15.6,0.0,0.0,-1.8,0,0,0.0
James Johnson,7,1,16,0,7,34,51,21,30,20.5,7.2,2.9,6.4,44.6,0.6,2.4,25.8,0.9,1.5,59.2,0.6,2.8,3.5,1.9,1.1,0.8,0.8,2.4,18.1,0.0,0.0,-2.5,0,0,49.0
Robert Covington,2,2,61,0,4,30,70,42,28,32.0,8.5,2.9,7.3,40.1,1.9,5.1,37.9,0.7,0.9,80.6,0.9,5.8,6.7,1.7,0.9,1.4,1.2,2.8,26.0,6.0,0.0,2.9,0,1,0.0
Jordan Clarkson,10,2,46,0,3,29,68,49,19,26.7,18.4,6.7,15.8,42.5,3.1,8.8,34.7,1.9,2.1,89.6,0.7,3.3,4.0,2.5,1.7,0.9,0.1,1.6,28.4,0.0,0.0,4.4,2046880,1,6.0
Justin Jackson,4,1,15,0,3,26,34,12,22,17.0,7.2,2.6,6.5,40.3,1.1,3.4,30.8,0.9,1.1,83.8,0.5,1.8,2.3,1.5,0.9,0.4,0.1,0.9,12.8,0.0,0.0,-1.2,0,1,0.0
Anthony Lamb,26,1,61,0,1,23,24,3,21,17.3,5.5,1.9,4.9,39.0,1.0,3.0,32.4,0.8,0.9,85.7,1.1,1.8,2.9,1.0,0.8,0.3,0.2,1.4,11.1,0.0,0.0,-3.7,0,1,0.0
Ed Davis,17,1,13,0,7,32,23,5,18,13.0,2.1,0.8,1.9,43.2,0.0,0.0,0.0,0.4,0.5,83.3,2.0,3.0,5.0,0.9,0.3,0.6,0.6,2.4,12.5,0.0,0.0,-2.0,0,1,0.0
Trey Lyles,22,1,12,0,4,25,23,10,13,15.6,5.0,1.9,3.9,47.8,0.6,1.7,35.0,0.7,1.0,65.2,0.4,3.3,3.7,0.6,0.3,0.3,0.0,0.6,11.1,1.0,0.0,-4.7,159280,0,6.0
Jayson Tatum,9,4,3,2,1,23,64,34,30,35.8,26.4,9.5,20.6,45.9,2.9,7.6,38.6,4.6,5.3,86.8,0.8,6.6,7.4,4.3,2.7,1.2,0.5,1.9,44.1,15.0,1.0,2.5,7302508,1,0.0
Romeo Langford,9,2,14,0,1,21,18,9,9,15.7,3.1,1.2,3.3,35.6,0.3,1.0,27.8,0.5,0.7,75.0,0.7,1.3,1.9,0.7,0.6,0.3,0.3,1.3,7.8,0.0,0.0,-3.7,0,1,0.0
Aaron Nesmith,9,1,14,0,1,21,46,22,24,14.5,4.7,1.7,3.9,43.8,0.9,2.3,37.0,0.5,0.6,78.6,0.6,2.2,2.8,0.5,0.5,0.3,0.2,1.9,9.9,0.0,0.0,-0.2,100102,1,47.0
Chris Boucher,24,3,61,0,2,28,60,25,35,24.2,13.6,4.8,9.3,51.4,1.5,3.9,38.3,2.5,3.2,78.8,2.0,4.8,6.7,1.1,0.8,0.6,1.9,2.8,29.8,12.0,0.0,1.6,172247,1,25.0
Markelle Fultz,29,2,1,0,2,23,8,6,2,26.9,12.9,5.1,13.0,39.4,0.5,2.0,25.0,2.1,2.4,89.5,0.6,2.5,3.1,5.4,2.3,1.0,0.3,2.3,26.2,1.0,0.0,-3.6,0,1,0.0
Louis King,14,1,61,0,2,22,6,3,3,14.2,7.3,2.8,5.7,50.0,0.7,1.8,36.4,1.0,1.0,100.0,0.8,2.2,3.0,1.5,0.7,1.2,0.5,1.5,17.5,0.0,0.0,-0.5,0,1,0.0
Chris Silva,14,2,61,0,2,24,15,8,7,6.2,2.1,0.7,1.1,62.5,0.1,0.1,100.0,0.7,1.0,73.3,0.5,1.3,1.8,0.4,0.7,0.1,0.4,1.6,5.6,0.0,0.0,-0.1,0,0,0.0
Eric Gordon,26,5,7,0,3,32,27,10,17,29.2,17.8,5.9,13.6,43.3,2.6,7.8,32.9,3.5,4.2,82.5,0.3,1.9,2.1,2.6,1.9,0.5,0.5,1.6,25.4,0.0,0.0,-2.5,239779,1,64.0
Killian Hayes,21,1,7,0,1,19,26,6,20,25.8,6.8,2.7,7.7,35.3,0.8,2.8,27.8,0.5,0.7,82.4,0.2,2.4,2.7,5.3,3.2,1.0,0.4,2.2,19.0,0.0,0.0,-5.0,0,1,0.0
Blake Griffin,8,1,1,6,3,32,46,24,22,25.8,11.0,3.8,8.9,42.3,1.5,4.5,34.1,1.9,2.5,74.4,0.8,4.1,4.9,3.0,1.3,0.7,0.3,2.4,23.1,2.0,0.0,1.3,0,1,0.0
Mo Bamba,29,3,6,0,1,23,46,11,35,15.8,8.0,3.1,6.5,47.2,0.8,2.6,32.2,1.0,1.4,68.2,1.7,4.1,5.8,0.8,0.8,0.3,1.3,1.9,19.9,4.0,0.0,-4.4,0,1,0.0
Dwight Howard,3,1,1,8,7,35,69,46,23,17.3,7.0,2.6,4.4,58.7,0.1,0.3,25.0,1.8,3.0,57.6,2.8,5.7,8.4,0.9,1.6,0.4,0.9,2.9,20.8,12.0,0.0,-1.0,0,0,0.0
Ivica Zubac,16,2,32,0,2,24,72,47,25,22.3,9.0,3.6,5.5,65.2,0.0,0.1,25.0,1.9,2.4,78.9,2.6,4.6,7.2,1.3,1.1,0.3,0.9,2.6,22.0,13.0,0.0,2.5,166821,1,63.0
Cole Anthony,29,1,15,0,1,21,47,13,34,27.1,12.9,4.7,11.7,39.7,1.2,3.7,33.7,2.3,2.8,83.2,0.8,3.9,4.7,4.1,2.3,0.6,0.4,2.1,25.5,0.0,0.0,-6.9,658250,1,30.0
Evan Fournier,9,1,20,0,3,28,42,18,24,30.0,17.1,5.9,12.9,45.7,2.8,6.7,41.3,2.6,3.3,78.8,0.2,2.8,3.0,3.4,1.7,1.1,0.5,2.3,28.9,0.0,0.0,-0.8,0,0,0.0
Jaylen Brown,9,5,3,1,1,24,58,30,28,34.5,24.7,9.3,19.2,48.4,2.8,7.1,39.7,3.3,4.3,76.4,1.2,4.8,6.0,3.4,2.7,1.2,0.6,2.9,39.5,10.0,0.0,1.2,4090048,1,1.0
Malik Monk,27,4,11,0,1,23,42,19,23,20.9,11.7,4.1,9.5,43.4,2.0,5.0,40.1,1.4,1.7,81.9,0.3,2.1,2.4,2.1,1.3,0.5,0.1,1.1,18.0,0.0,0.0,0.8,565084,0,0.0
Deividas Sirvydis,21,1,37,0,1,21,20,8,12,6.7,2.1,0.7,2.0,35.0,0.5,1.4,35.7,0.2,0.3,50.0,0.0,1.5,1.5,0.3,0.3,0.1,0.0,0.5,4.2,0.0,0.0,-1.2,0,1,0.0
Tomas Satoransky,6,2,32,0,3,29,58,25,33,22.5,7.7,2.9,5.7,51.4,0.7,2.0,35.6,1.2,1.4,84.8,0.5,1.9,2.4,4.7,1.7,0.7,0.2,1.5,18.8,1.0,0.0,0.0,0,1,0.0
CJ McCollum,2,8,10,0,1,29,47,28,19,34.0,23.1,8.6,18.8,45.8,3.6,8.9,40.2,2.3,2.8,81.2,0.6,3.3,3.9,4.7,1.4,0.9,0.4,1.9,37.7,2.0,0.0,4.4,0,1,0.0
Quinndary Weatherspoon,22,1,49,0,2,24,20,8,12,6.1,2.3,0.8,1.8,45.7,0.1,0.3,16.7,0.7,0.8,81.3,0.2,0.4,0.6,0.4,0.5,0.4,0.1,0.9,4.6,0.0,0.0,-3.0,0,1,0.0
Marvin Bagley,14,3,2,0,1,22,43,20,23,25.9,14.1,5.7,11.4,50.4,0.9,2.5,34.3,1.8,3.1,57.5,2.5,4.9,7.4,1.0,1.4,0.5,0.5,2.3,26.1,11.0,0.0,-2.0,492741,1,30.0
Chris Chiozza,8,1,61,0,3,25,22,12,10,10.6,4.0,1.4,4.0,35.2,0.6,1.9,31.0,0.6,0.8,76.5,0.1,1.0,1.1,3.0,0.7,0.3,0.3,0.9,10.8,1.0,0.0,0.9,0,0,0.0
Brook Lopez,4,3,10,1,3,33,70,46,24,27.2,12.3,4.6,9.1,50.3,1.4,4.0,33.8,1.7,2.0,84.5,1.5,3.5,5.0,0.7,0.9,0.6,1.5,2.1,24.5,3.0,0.0,4.5,92462,1,36.0
Karl-Anthony Towns,17,6,1,2,1,25,50,19,31,33.8,24.8,8.5,17.5,48.6,2.4,6.3,38.7,5.3,6.2,85.9,2.7,7.9,10.6,4.5,3.2,0.8,1.1,3.7,46.8,33.0,0.0,0.2,4349632,1,2.0
Dylan Windler,18,1,26,0,1,24,31,11,20,16.5,5.2,1.8,4.2,43.8,0.8,2.5,33.8,0.7,0.9,77.8,0.6,2.8,3.5,1.1,1.0,0.6,0.4,1.2,12.9,1.0,0.0,-2.0,0,1,0.0
Marcus Smart,9,7,6,0,1,27,48,24,24,32.9,13.1,4.2,10.6,39.8,1.9,5.9,33.0,2.7,3.4,79.0,0.8,2.7,3.5,5.7,2.0,1.5,0.5,2.6,29.7,3.0,0.0,1.9,804989,1,44.0
Reggie Jackson,16,2,24,0,3,31,67,43,24,23.0,10.7,3.9,8.7,45.0,1.8,4.2,43.3,1.0,1.2,81.7,0.4,2.5,2.9,3.1,1.1,0.6,0.1,1.9,19.7,0.0,0.0,3.7,215917,1,0.0
Tyler Johnson,8,1,61,0,2,29,39,29,10,17.5,5.4,1.8,4.7,39.3,1.2,3.4,36.4,0.5,0.5,85.7,0.2,1.8,2.0,1.2,0.4,0.4,0.0,1.1,10.2,0.0,0.0,1.2,0,1,0.0
Nassir Little,2,2,25,0,1,21,48,27,21,13.3,4.6,1.6,3.5,46.7,0.6,1.7,35.0,0.8,0.9,80.0,0.7,2.0,2.7,0.5,0.4,0.1,0.3,1.1,9.3,0.0,0.0,-0.8,165558,1,0.0
Jarrett Culver,17,2,6,0,1,22,34,7,27,14.7,5.3,2.0,4.9,41.1,0.4,1.6,24.5,0.9,1.4,60.4,1.0,2.1,3.1,0.7,0.8,0.5,0.3,1.7,11.5,1.0,0.0,-3.9,0,1,0.0
Tremont Waters,9,2,51,0,1,23,26,13,13,9.1,3.8,1.3,3.2,40.5,0.6,1.5,39.5,0.6,0.7,94.1,0.2,0.6,0.8,2.4,1.0,0.6,0.0,0.7,9.2,0.0,0.0,-0.4,0,0,0.0
Bojan Bogdanovic,10,2,31,0,4,32,72,52,20,30.8,17.0,5.6,12.8,43.9,2.5,6.4,39.0,3.2,3.7,87.9,0.6,3.3,3.9,1.9,1.8,0.6,0.1,1.6,24.8,0.0,0.0,5.8,0,1,0.0
Mike Conley,10,2,4,1,2,33,51,37,14,29.4,16.2,5.6,12.5,44.4,2.7,6.6,41.2,2.4,2.8,85.2,0.7,2.8,3.5,6.0,1.9,1.4,0.2,1.9,32.1,6.0,0.0,10.7,585748,1,64.0
Torrey Craig,12,1,61,0,4,30,50,33,17,16.1,5.5,2.2,4.5,48.0,0.8,2.1,36.8,0.3,0.4,77.3,1.1,2.8,3.9,1.0,0.5,0.6,0.5,1.7,14.5,2.0,0.0,-1.9,136870,0,9.0
Cedi Osman,18,4,31,0,1,26,59,17,42,25.6,10.4,3.7,9.9,37.4,1.7,5.5,30.6,1.3,1.6,80.0,0.6,2.8,3.4,2.9,1.4,0.9,0.2,2.0,20.7,2.0,0.0,-5.5,0,1,0.0
Furkan Korkmaz,3,4,26,0,1,23,55,39,16,19.3,9.1,3.1,7.7,40.1,1.8,4.9,37.5,1.1,1.5,73.2,0.3,1.7,2.1,1.5,0.8,0.9,0.2,1.2,16.1,0.0,0.0,2.6,0,1,0.0
Kyle Anderson,28,3,30,0,2,27,69,36,33,27.4,12.4,4.5,9.5,46.8,1.4,3.8,36.0,2.1,2.7,78.3,0.8,5.0,5.7,3.6,1.2,1.2,0.8,1.7,29.6,3.0,0.0,0.7,183982,1,39.0
Shai Gilgeous-Alexander,20,1,11,0,2,22,35,16,19,33.7,23.7,8.2,16.1,50.8,2.0,4.9,41.8,5.3,6.5,80.8,0.5,4.2,4.7,5.9,3.0,0.8,0.7,2.0,39.5,3.0,0.0,-5.3,4018932,1,0.0
Aleksej Pokusevski,20,1,17,0,1,19,45,13,32,24.2,8.2,3.1,9.1,34.1,1.3,4.6,28.0,0.7,0.9,73.8,0.7,4.0,4.7,2.2,2.2,0.4,0.9,1.3,19.0,1.0,0.0,-8.7,0,1,0.0
Damion Lee,0,3,61,0,2,28,57,28,29,18.9,6.5,2.2,4.8,46.7,1.4,3.4,39.7,0.7,0.8,90.9,0.4,2.8,3.2,1.3,0.5,0.7,0.1,1.6,14.1,0.0,0.0,0.7,277370,1,24.0
Eric Paschall,0,2,41,0,2,24,40,20,20,17.4,9.5,3.7,7.5,49.7,0.5,1.4,33.3,1.7,2.4,71.3,0.7,2.5,3.2,1.3,1.1,0.3,0.2,1.7,15.6,0.0,0.0,-2.8,0,1,0.0
James Ennis,29,1,50,0,7,30,41,12,29,24.1,8.4,2.8,5.9,47.3,1.1,2.5,43.3,1.7,2.1,80.5,1.0,3.0,4.0,1.5,0.9,0.8,0.2,2.0,17.5,1.0,0.0,-1.8,0,1,0.0
Lonzo Ball,7,2,2,0,2,23,55,23,32,31.8,14.6,5.3,12.7,41.4,3.1,8.3,37.8,0.9,1.2,78.1,0.6,4.2,4.8,5.7,2.2,1.5,0.6,1.9,32.9,5.0,1.0,0.9,18281980,0,6.0
Caleb Martin,27,2,61,0,1,25,53,23,30,15.4,5.0,1.8,4.8,37.5,0.6,2.4,24.8,0.8,1.2,64.1,0.6,2.1,2.7,1.3,0.6,0.7,0.2,1.2,12.2,1.0,0.0,-1.9,224326,0,74.0
Jared Harper,19,1,61,0,2,23,8,5,3,2.0,0.4,0.0,0.5,0.0,0.0,0.1,0.0,0.4,0.5,75.0,0.0,0.3,0.3,0.1,0.4,0.0,0.0,0.1,0.5,0.0,0.0,-0.6,0,1,0.0
Markus Howard,11,1,61,0,1,22,37,24,13,5.5,2.8,1.1,2.9,37.7,0.5,1.8,27.7,0.2,0.2,77.8,0.0,0.5,0.6,0.5,0.5,0.1,0.0,0.6,4.2,0.0,0.0,-1.9,0,1,0.0
Shaquille Harrison,11,1,61,0,4,27,34,27,7,9.8,2.1,0.8,2.3,33.3,0.1,0.5,18.8,0.5,0.6,81.8,0.2,1.2,1.4,0.7,0.3,0.5,0.1,1.0,6.6,0.0,0.0,-2.2,0,0,0.0
Rodney McGruder,21,1,61,0,3,29,16,3,13,12.1,5.7,2.3,4.4,52.9,0.7,1.5,45.8,0.4,0.5,75.0,0.5,0.9,1.4,1.0,0.4,0.5,0.1,0.8,10.1,0.0,0.0,-1.1,0,1,0.0
Bryn Forbes,4,1,61,0,2,27,70,45,25,19.3,10.0,3.6,7.6,47.3,2.2,4.9,45.2,0.7,0.9,77.0,0.2,1.4,1.6,0.6,0.6,0.3,0.0,1.1,13.3,1.0,0.0,1.4,0,0,0.0
Ben McLemore,15,1,7,0,5,28,53,20,33,17.1,7.7,2.5,6.9,37.0,1.8,5.3,34.6,0.7,1.0,73.6,0.3,1.6,1.9,0.7,0.8,0.4,0.2,1.7,12.0,0.0,0.0,-1.9,0,0,0.0
Kyle Lowry,24,9,24,6,3,35,46,15,31,34.8,17.2,5.7,13.0,43.6,2.8,7.2,39.6,3.0,3.5,87.5,0.8,4.6,5.4,7.3,2.7,1.0,0.3,3.1,35.8,9.0,2.0,-0.1,1383057,0,0.0
Marc Gasol,15,1,48,3,3,36,52,32,20,19.1,5.0,1.7,3.7,45.4,1.0,2.3,41.0,0.7,1.0,72.0,0.7,3.4,4.1,2.1,1.0,0.5,1.1,2.2,17.0,0.0,0.0,1.7,0,1,0.0
Darius Garland,18,2,5,0,1,21,54,18,36,33.1,17.4,6.7,14.9,45.1,1.9,4.9,39.5,2.1,2.4,84.8,0.4,2.0,2.4,6.1,3.0,1.2,0.1,2.0,30.4,6.0,0.0,-4.4,31,1,6.0
Killian Tillie,28,1,61,0,1,23,18,11,7,10.1,3.2,1.1,3.2,33.3,0.6,1.8,30.3,0.5,0.6,81.8,0.3,1.0,1.3,0.4,0.1,0.3,0.4,1.1,7.5,0.0,0.0,2.2,0,1,0.0
Rajon Rondo,16,1,21,4,8,35,45,28,17,17.1,5.4,2.1,4.8,44.2,0.8,2.0,40.4,0.4,0.4,94.1,0.4,2.0,2.4,4.4,1.8,0.8,0.1,1.2,15.9,0.0,0.0,0.5,0,0,0.0
Spencer Dinwiddie,8,5,38,0,2,28,3,2,1,21.4,6.7,2.0,5.3,37.5,0.7,2.3,28.6,2.0,2.0,100.0,0.0,4.3,4.3,3.0,1.7,0.7,0.3,1.3,17.7,0.0,0.0,14.0,328092,0,0.0
Didi Louzada,7,1,35,0,1,21,3,0,3,18.8,2.7,1.0,4.3,23.1,0.7,2.7,25.0,0.0,0.0,0.0,0.3,0.7,1.0,1.0,1.0,0.7,0.0,1.7,6.4,0.0,0.0,-3.7,0,1,0.0
Julius Randle,19,2,7,1,3,26,71,40,31,37.6,24.1,8.5,18.6,45.6,2.3,5.5,41.1,4.9,6.0,81.1,1.2,9.0,10.2,6.0,3.4,0.9,0.3,3.2,45.4,41.0,6.0,2.2,973593,1,5.0
Anthony Tolliver,3,1,61,0,11,36,11,7,4,9.0,1.5,0.4,1.5,23.5,0.4,1.3,28.6,0.5,0.5,83.3,0.3,0.6,0.9,0.2,0.3,0.3,0.2,0.6,4.0,0.0,0.0,2.7,0,1,0.0
Yuta Watanabe,24,1,61,0,2,26,50,24,26,14.5,4.4,1.6,3.6,43.9,0.7,1.8,40.0,0.5,0.6,82.8,0.7,2.5,3.2,0.8,0.4,0.5,0.4,1.1,11.7,0.0,0.0,-0.8,0,1,0.0
LaMelo Ball,27,1,3,0,1,19,51,23,28,28.8,15.7,5.7,13.2,43.6,1.8,5.1,35.2,2.5,3.2,75.8,1.2,4.7,5.9,6.1,2.8,1.6,0.4,2.7,35.0,7.0,1.0,-1.6,10615858,1,19.0
DJ Wilson,26,1,17,0,2,25,35,13,22,12.4,5.2,1.9,4.8,40.5,0.9,2.5,34.5,0.5,0.7,68.0,0.6,2.6,3.2,0.7,0.6,0.3,0.5,1.3,11.7,1.0,0.0,-3.0,0,1,0.0
Tristan Thompson,9,1,4,0,3,30,54,27,27,23.8,7.6,3.1,6.0,51.8,0.0,0.1,0.0,1.3,2.2,59.2,3.1,5.0,8.1,1.2,1.1,0.4,0.6,2.2,21.2,5.0,0.0,0.4,3802207,1,6.0
Semi Ojeleye,9,4,37,0,1,26,56,28,28,17.0,4.6,1.6,3.9,40.3,1.0,2.8,36.7,0.4,0.6,75.0,0.6,2.1,2.6,0.7,0.4,0.3,0.0,1.0,9.3,0.0,0.0,0.1,0,0,0.0
Khem Birch,24,1,61,0,2,28,67,23,44,22.8,7.2,2.8,5.7,49.7,0.2,0.8,25.0,1.4,1.9,70.5,2.6,3.2,5.8,1.3,0.7,0.7,0.7,1.7,19.8,6.0,0.0,-1.9,0,1,0.0
Taj Gibson,19,2,26,0,5,36,45,29,16,20.8,5.4,2.2,3.5,62.7,0.1,0.3,20.0,0.9,1.2,72.7,2.2,3.4,5.6,0.8,0.5,0.7,1.1,2.2,18.1,0.0,0.0,2.9,400231,1,49.0
Nikola Vucevic,6,2,16,2,3,30,70,26,44,33.5,23.4,9.5,19.9,47.7,2.5,6.3,40.0,1.9,2.2,84.0,2.1,9.6,11.7,3.8,1.8,0.9,0.7,2.0,46.2,48.0,2.0,-4.9,0,1,42.0
Kevin Huerter,13,3,19,0,1,22,69,40,29,30.8,11.9,4.6,10.6,43.2,2.0,5.6,36.3,0.7,0.9,78.1,0.6,2.8,3.3,3.5,1.1,1.2,0.3,2.4,24.4,3.0,0.0,1.0,129378,1,0.0
Kyle Kuzma,15,4,27,0,1,25,68,40,28,28.7,12.9,4.9,11.1,44.3,2.0,5.6,36.1,1.0,1.4,69.1,1.6,4.5,6.1,1.9,1.7,0.5,0.6,1.8,24.7,13.0,0.0,0.0,4768934,1,24.0
Victor Oladipo,23,1,2,2,4,29,33,13,20,32.7,19.8,7.1,17.5,40.8,2.4,7.2,32.6,3.2,4.2,75.4,0.4,4.5,4.8,4.6,2.5,1.4,0.4,2.5,35.4,0.0,0.0,-2.2,0,1,0.0
Thaddeus Young,6,2,12,0,6,33,68,30,38,24.3,12.1,5.4,9.7,55.9,0.2,0.7,26.7,1.0,1.7,62.8,2.5,3.8,6.2,4.3,2.0,1.1,0.6,2.2,29.0,7.0,0.0,2.1,0,1,0.0
Bruce Brown,8,1,42,0,2,24,65,45,20,22.3,8.8,3.6,6.5,55.6,0.3,0.9,28.8,1.3,1.8,73.5,1.7,3.7,5.4,1.6,0.8,0.9,0.4,2.2,20.8,6.0,0.0,1.1,0,1,0.0
Anthony Edwards,17,1,1,0,1,19,72,23,49,32.1,19.3,7.0,16.8,41.7,2.4,7.2,32.9,2.9,3.8,77.6,0.8,3.8,4.7,2.9,2.2,1.1,0.5,1.8,32.0,3.0,0.0,-3.2,4621905,1,10.0
Tyler Herro,23,2,13,0,1,21,54,29,25,30.3,15.1,5.7,12.9,43.9,2.0,5.5,36.0,1.7,2.2,80.3,0.5,4.5,5.0,3.4,1.9,0.6,0.3,1.3,27.2,5.0,0.0,-1.6,2341475,1,30.0
RJ Barrett,19,2,3,0,1,21,72,41,31,34.9,17.6,6.5,14.7,44.1,1.7,4.3,40.1,2.9,3.8,74.6,0.9,4.8,5.8,3.0,1.9,0.7,0.3,2.6,30.1,5.0,0.0,1.9,0,1,0.0
Devontae Cacok,15,2,61,0,2,24,20,8,12,4.9,2.0,0.9,1.5,58.6,0.0,0.0,0.0,0.3,0.6,45.5,0.6,1.0,1.6,0.1,0.3,0.3,0.2,0.4,5.0,0.0,0.0,2.1,0,1,0.0
Trey Burke,5,1,9,0,5,28,62,35,27,14.7,6.6,2.4,5.7,42.8,0.9,2.6,35.4,0.8,0.9,89.5,0.2,0.7,0.9,1.3,0.5,0.6,0.1,1.0,11.2,0.0,0.0,0.2,0,1,0.0
Deni Avdija,1,1,9,0,1,20,54,25,29,23.3,6.3,2.4,5.8,41.7,1.0,3.1,31.5,0.5,0.8,64.4,0.4,4.4,4.9,1.2,0.6,0.6,0.3,2.6,15.9,2.0,0.0,-1.5,258107,1,53.0
Norvel Pelle,19,1,61,0,4,28,13,8,5,6.4,1.5,0.6,1.2,53.3,0.0,0.0,0.0,0.3,0.5,66.7,0.5,1.0,1.5,0.2,0.2,0.1,0.7,1.1,5.6,0.0,0.0,1.8,0,1,0.0
Josh Hart,7,2,30,0,3,26,47,21,26,28.7,9.2,3.2,7.3,43.9,1.3,4.1,32.6,1.5,1.9,77.5,1.1,6.9,8.0,2.3,1.0,0.8,0.3,2.4,24.5,7.0,0.0,0.0,917686,1,5.0
Bradley Beal,1,9,3,3,1,28,60,32,28,35.8,31.3,11.2,23.0,48.5,2.2,6.2,34.9,6.8,7.7,88.9,1.2,3.5,4.7,4.4,3.1,1.2,0.4,2.3,45.0,4.0,0.0,-0.1,1310216,1,7.0
Cassius Stanley,25,1,54,0,2,21,24,10,14,3.9,1.5,0.5,1.8,30.2,0.1,0.5,23.1,0.3,0.4,77.8,0.3,0.5,0.8,0.0,0.0,0.0,0.1,0.6,2.9,0.0,0.0,0.8,0,0,0.0
Armoni Brooks,26,1,61,0,1,23,20,3,17,26.0,11.2,3.9,9.6,40.6,3.0,7.9,38.2,0.4,0.6,58.3,0.5,2.9,3.4,1.5,1.1,0.6,0.3,1.7,18.9,0.0,0.0,-6.8,0,1,0.0
Robert Williams,9,3,27,0,1,23,52,29,23,18.9,8.0,3.6,5.0,72.1,0.0,0.0,0.0,0.9,1.4,61.6,2.6,4.3,6.9,1.8,1.0,0.8,1.8,2.0,25.7,4.0,0.0,0.2,0,1,0.0
Mamadi Diakite,4,1,61,0,2,24,14,7,7,10.1,3.1,1.1,2.9,40.0,0.1,0.6,12.5,0.8,1.0,78.6,0.6,1.9,2.4,0.6,0.2,0.4,0.4,1.1,9.1,0.0,0.0,0.6,54916,1,0.0
Matisse Thybulle,3,2,20,0,1,24,65,46,19,20.0,3.9,1.6,3.7,42.0,0.7,2.2,30.1,0.1,0.3,44.4,0.5,1.4,1.9,1.0,0.5,1.6,1.1,2.0,15.3,0.0,0.0,1.5,322442,1,61.0
Wayne Ellington,21,1,28,0,9,33,46,13,33,22.0,9.6,3.2,7.3,44.1,2.5,6.0,42.2,0.6,0.8,80.0,0.3,1.6,1.8,1.5,0.7,0.4,0.2,1.3,15.1,0.0,0.0,-1.5,0,0,0.0
Lauri Markkanen,6,4,7,0,2,24,51,20,31,25.8,13.6,4.9,10.2,48.0,2.3,5.8,40.2,1.5,1.8,82.6,0.7,4.6,5.3,0.9,1.0,0.5,0.3,1.5,22.6,2.0,0.0,-0.9,436189,0,0.0
Damyean Dotson,18,1,44,0,2,27,46,14,32,19.7,6.7,2.6,6.4,40.6,1.0,3.5,28.9,0.5,0.8,66.7,0.1,1.9,2.0,2.0,0.9,0.3,0.1,0.9,12.5,0.0,0.0,-4.7,0,1,0.0
DaQuan Jeffries,22,1,61,0,3,23,31,6,25,15.9,4.1,1.6,3.9,41.7,0.6,2.2,29.9,0.2,0.3,87.5,0.6,1.7,2.3,0.7,0.5,0.5,0.3,1.5,9.9,0.0,0.0,-1.8,0,0,55.0
Jaren Jackson Jr,28,3,4,0,1,21,11,4,7,23.5,14.4,4.8,11.4,42.4,1.5,5.5,28.3,3.2,3.8,83.3,1.5,4.1,5.6,1.1,1.4,1.1,1.6,3.8,29.6,0.0,0.0,-5.8,0,1,24.0
TJ McConnell,25,5,61,0,2,29,69,33,36,26.0,8.6,4.0,7.1,55.9,0.2,0.7,31.3,0.5,0.7,68.8,0.8,2.9,3.7,6.6,2.0,1.9,0.3,1.6,27.6,5.0,1.0,1.0,135953,1,76.0
Justin James,14,2,40,0,1,24,36,15,21,8.6,3.9,1.4,3.1,46.8,0.4,1.1,36.8,0.6,1.0,58.3,0.3,0.6,0.8,0.6,0.4,0.2,0.1,0.6,6.3,0.0,0.0,-1.6,0,0,0.0
LaMarcus Aldridge,8,1,2,7,3,35,26,15,11,25.9,13.5,5.4,11.4,47.3,1.2,3.1,38.8,1.6,1.8,87.2,0.7,3.8,4.5,1.9,1.0,0.4,1.1,1.8,25.4,1.0,0.0,-1.3,0,1,0.0
James Wiseman,0,1,2,0,1,20,39,18,21,21.4,11.5,4.9,9.4,51.9,0.3,1.0,31.6,1.4,2.2,62.8,1.4,4.4,5.8,0.7,1.5,0.3,0.9,3.1,21.5,3.0,0.0,-4.7,476036,1,0.0
DeMar DeRozan,22,2,9,4,2,31,61,27,34,33.7,21.6,7.5,15.1,49.5,0.3,1.2,25.7,6.3,7.2,88.0,0.7,3.6,4.2,6.9,2.0,0.9,0.2,2.1,38.6,13.0,0.0,-1.7,3341342,0,16.0
Abdel Nader,12,1,58,0,2,27,24,16,8,14.8,6.7,2.4,4.8,49.1,0.8,1.8,41.9,1.2,1.5,75.7,0.3,2.3,2.6,0.8,0.8,0.4,0.4,1.4,12.5,0.0,0.0,1.2,0,1,0.0
Carsen Edwards,9,2,33,0,1,23,31,14,17,8.9,4.0,1.5,3.6,42.3,0.6,2.0,28.6,0.4,0.4,84.6,0.1,0.7,0.8,0.5,0.2,0.2,0.0,0.8,6.2,0.0,0.0,-0.8,0,1,0.0
Zion Williamson,7,2,1,1,1,20,61,29,32,33.2,27.0,10.4,17.0,61.1,0.2,0.6,29.4,6.0,8.7,69.8,2.7,4.5,7.2,3.7,2.7,0.9,0.6,2.2,43.2,14.0,0.0,1.5,5089165,1,0.0
Malik Beasley,17,1,19,0,2,24,37,8,29,32.8,19.6,7.1,16.2,44.0,3.5,8.7,39.9,1.8,2.2,85.0,0.8,3.6,4.4,2.4,1.6,0.8,0.2,1.7,29.8,0.0,0.0,-5.3,244189,1,85.0
Onyeka Okongwu,13,1,6,0,1,20,50,31,19,12.0,4.6,1.9,3.0,64.4,0.0,0.1,0.0,0.7,1.1,63.2,1.2,2.0,3.3,0.4,0.6,0.5,0.7,2.0,11.8,2.0,0.0,-1.8,163601,1,26.0
Luke Kornet,9,1,61,0,3,25,31,13,18,11.2,3.4,1.4,3.3,43.6,0.5,1.9,25.4,0.1,0.2,50.0,0.5,1.7,2.2,0.8,0.2,0.1,1.0,0.6,10.4,0.0,0.0,1.7,0,1,0.0
Anthony Gill,1,1,61,0,1,28,26,11,15,8.4,3.1,1.2,2.3,50.0,0.3,0.9,29.2,0.5,0.6,81.3,0.6,1.3,2.0,0.4,0.3,0.4,0.2,1.0,7.4,0.0,0.0,-0.7,0,1,0.0
Jaylen Hoard,20,1,61,0,2,22,19,1,18,16.8,6.1,2.3,4.6,50.0,0.0,0.6,0.0,1.5,2.2,68.3,1.1,2.3,3.4,1.3,0.9,0.7,0.3,1.0,14.1,0.0,0.0,-3.3,0,1,0.0
Terry Rozier,27,2,16,0,2,27,69,32,37,34.5,20.4,7.4,16.4,45.0,3.2,8.3,38.9,2.4,2.9,81.7,0.7,3.7,4.4,4.2,1.9,1.3,0.4,1.7,35.1,5.0,0.0,-1.3,536753,1,0.0
Carmelo Anthony,2,2,3,10,5,37,69,39,30,24.5,13.4,4.7,11.3,42.1,1.9,4.7,40.9,2.0,2.2,89.0,0.5,2.6,3.1,1.5,0.9,0.7,0.6,2.1,22.1,0.0,0.0,-0.3,0,0,0.0
Serge Ibaka,16,1,24,0,4,31,41,24,17,23.3,11.1,4.5,8.9,51.0,1.0,2.8,33.9,1.0,1.3,81.1,1.8,4.9,6.7,1.8,1.1,0.2,1.1,1.9,24.9,5.0,0.0,3.8,0,1,0.0
Chandler Hutchison,1,1,22,0,2,25,25,11,14,13.8,4.3,1.6,4.1,37.9,0.3,0.9,36.4,0.8,1.0,84.0,0.2,2.9,3.1,0.7,0.8,0.5,0.2,1.3,10.3,0.0,0.0,-2.3,0,0,0.0
Terance Mann,16,2,48,0,1,24,67,45,22,18.9,7.0,2.7,5.2,50.9,0.6,1.4,41.8,1.2,1.4,83.0,0.8,2.8,3.6,1.6,0.6,0.4,0.2,1.9,15.0,2.0,0.0,0.5,158444,1,0.0
Mfiondu Kabengele,18,1,27,0,2,23,39,20,19,7.2,2.4,0.8,2.3,37.1,0.3,1.3,26.0,0.4,0.5,80.0,0.3,1.2,1.5,0.4,0.4,0.2,0.3,0.9,6.2,0.0,0.0,-2.4,0,1,0.0
Montrezl Harrell,15,1,32,0,3,27,69,41,28,22.9,13.5,5.4,8.7,62.2,0.0,0.1,0.0,2.6,3.7,70.7,2.3,3.9,6.2,1.1,1.1,0.7,0.7,1.9,25.6,8.0,0.0,0.6,0,1,0.0
Davis Bertans,1,2,42,0,3,28,57,29,28,25.7,11.5,3.4,8.4,40.4,3.0,7.5,39.5,1.8,2.0,87.0,0.3,2.6,2.9,0.9,0.6,0.6,0.2,2.4,18.2,0.0,0.0,1.9,0,1,0.0
Jamal Murray,11,5,7,0,1,24,48,31,17,35.5,21.2,7.9,16.5,47.7,2.7,6.6,40.8,2.8,3.2,86.9,0.8,3.3,4.0,4.8,2.3,1.3,0.3,2.0,35.8,1.0,0.0,6.3,1325397,1,28.0
Gary Harris,29,1,19,0,2,26,39,15,24,27.7,9.9,3.5,8.8,40.0,1.2,3.6,34.0,1.6,2.0,82.1,0.5,1.5,2.0,2.0,0.9,0.7,0.3,1.8,17.4,0.0,0.0,-2.1,139499,1,5.0
Robin Lopez,1,1,15,0,6,33,71,34,37,19.1,9.0,3.8,6.0,63.3,0.1,0.3,27.8,1.4,1.9,72.3,2.0,1.8,3.8,0.8,1.1,0.2,0.6,1.5,16.2,3.0,0.0,-0.2,0,0,0.0
Caris LeVert,25,1,20,0,2,26,47,24,23,31.6,20.2,7.6,17.3,44.1,1.8,5.5,32.6,3.1,3.8,81.1,0.7,3.9,4.6,5.2,2.2,1.4,0.6,2.2,37.4,6.0,0.0,-0.1,235223,1,24.0
Jarred Vanderbilt,17,1,41,0,2,22,64,18,46,17.8,5.4,2.2,3.7,60.6,0.0,0.1,20.0,0.9,1.6,55.9,1.8,3.9,5.8,1.2,0.8,1.0,0.7,1.9,18.4,3.0,0.0,-0.8,468532,1,6.0
Avery Bradley,26,1,19,0,7,30,27,6,21,22.3,6.4,2.4,6.3,37.4,1.2,3.7,32.7,0.4,0.6,80.0,0.3,1.8,2.1,1.7,1.0,0.8,0.1,2.0,13.1,0.0,0.0,-4.9,0,0,0.0
PJ Dozier,11,2,61,0,3,24,50,36,14,21.8,7.7,3.0,7.1,41.7,0.9,3.0,31.5,0.8,1.3,63.6,0.7,2.9,3.6,1.8,0.9,0.6,0.4,1.7,17.1,0.0,0.0,3.9,0,1,0.0
Andrew Wiggins,0,1,1,0,2,26,71,38,33,33.3,18.6,7.1,14.9,47.7,2.0,5.2,38.0,2.4,3.4,71.4,1.2,3.7,4.9,2.4,1.8,0.9,1.0,2.2,32.0,3.0,0.0,0.0,2138198,1,17.0
Isaiah Joe,3,1,49,0,1,21,41,22,19,9.3,3.7,1.2,3.2,36.1,1.0,2.6,36.8,0.4,0.6,75.0,0.1,0.7,0.9,0.5,0.3,0.3,0.1,0.8,6.4,0.0,0.0,0.0,102258,1,59.0
Eric Bledsoe,7,1,18,0,4,31,71,31,40,29.7,12.2,4.3,10.3,42.1,1.7,5.0,34.1,1.9,2.7,68.7,0.4,3.0,3.4,3.8,1.6,0.8,0.3,1.6,23.8,4.0,0.0,-0.9,0,1,0.0
Kristaps Porzingis,5,2,4,1,2,25,43,26,17,30.9,20.1,7.6,15.9,47.6,2.3,6.0,37.6,2.7,3.2,85.5,1.9,7.0,8.9,1.6,1.2,0.5,1.3,2.7,37.4,16.0,0.0,0.2,1611315,1,0.0
George Hill,3,1,26,0,7,35,30,16,14,22.4,8.7,3.2,6.6,48.2,1.0,2.7,38.8,1.3,1.7,80.0,0.5,1.5,2.0,2.4,1.0,0.8,0.2,1.0,16.6,0.0,0.0,-0.3,0,0,0.0
Raul Neto,1,1,47,0,3,29,64,30,34,21.9,8.7,3.3,7.0,46.8,1.0,2.6,39.0,1.2,1.3,88.2,0.4,2.0,2.4,2.3,0.8,1.1,0.1,1.7,17.9,0.0,0.0,-0.3,0,1,0.0
Malcolm Brogdon,25,2,36,0,2,28,56,27,29,34.5,21.2,7.9,17.5,45.3,2.6,6.7,38.8,2.7,3.2,86.4,1.0,4.2,5.3,5.9,2.1,0.9,0.3,2.0,37.7,6.0,0.0,-0.6,156426,1,24.0
Daniel Theis,6,1,61,0,3,29,65,28,37,24.6,9.6,3.9,7.2,54.1,0.8,2.3,32.2,1.1,1.7,67.3,1.4,4.0,5.5,1.7,1.0,0.6,0.9,2.6,22.2,6.0,0.0,-0.5,178848,0,0.0
James Harden,8,1,3,9,3,31,44,31,13,36.6,24.6,7.8,16.7,46.6,2.8,7.6,36.2,6.3,7.3,86.1,0.8,7.1,7.9,10.8,4.0,1.2,0.8,2.3,52.1,32.0,12.0,2.3,146666,1,22.0
Tacko Fall,9,2,61,0,2,25,19,13,6,7.1,2.5,1.1,1.5,72.4,0.0,0.0,0.0,0.3,0.8,33.3,0.8,1.9,2.7,0.2,0.3,0.1,1.1,1.2,9.0,0.0,0.0,1.4,0,0,0.0
Moses Brown,9,1,61,0,5,21,43,8,35,21.4,8.6,3.4,6.2,54.5,0.0,0.0,0.0,1.8,2.9,61.9,3.6,5.3,8.9,0.2,1.0,0.7,1.1,2.2,24.1,12.0,0.0,-8.4,0,1,0.0
Lamar Stevens,18,1,61,0,1,23,40,13,27,12.5,4.1,1.6,3.4,45.6,0.1,0.6,16.0,0.9,1.3,72.5,0.6,1.8,2.4,0.6,0.6,0.4,0.3,1.3,9.6,1.0,0.0,-2.9,0,1,132.0
Dejounte Murray,22,4,29,0,1,24,67,32,35,31.9,15.7,6.6,14.5,45.3,0.9,3.0,31.7,1.6,2.0,79.1,0.9,6.2,7.1,5.4,1.7,1.5,0.1,2.0,35.4,13.0,4.0,1.3,1448433,1,6.0
Delon Wright,14,1,20,0,4,29,63,21,42,27.7,10.2,3.8,8.2,46.3,1.0,2.7,37.2,1.6,2.0,80.2,1.0,3.2,4.3,4.4,1.3,1.6,0.5,1.2,26.9,3.0,0.0,-1.7,118358,1,14.0
Reggie Perry,8,1,57,0,2,21,26,18,8,8.1,3.0,1.2,3.0,41.0,0.2,0.8,19.0,0.4,0.5,76.9,1.0,1.8,2.8,0.5,0.6,0.2,0.2,1.5,8.0,1.0,0.0,-1.4,0,0,0.0
Theo Maledon,20,1,34,0,1,20,65,20,45,27.3,10.1,3.5,9.4,36.8,1.6,4.8,33.5,1.6,2.1,74.8,0.4,2.9,3.2,3.5,2.2,0.9,0.2,1.9,20.2,1.0,0.0,-9.6,0,1,0.0
Garrison Mathews,1,2,61,0,2,24,64,32,32,16.2,5.5,1.5,3.7,40.9,1.2,3.1,38.4,1.3,1.5,88.4,0.3,1.1,1.4,0.4,0.2,0.5,0.1,1.7,9.3,0.0,0.0,-2.1,15090,0,0.0
Josh Green,5,1,18,0,1,20,39,20,19,11.4,2.6,1.1,2.4,45.2,0.1,0.6,16.0,0.3,0.6,56.5,0.7,1.3,2.0,0.7,0.4,0.4,0.1,0.9,7.1,0.0,0.0,0.4,190144,1,31.0
Hassan Whiteside,14,1,33,0,4,32,36,16,20,15.2,8.1,3.5,6.2,56.3,0.0,0.0,0.0,1.1,2.2,51.9,1.7,4.3,6.0,0.6,1.1,0.3,1.3,2.0,19.6,4.0,0.0,-2.9,0,0,0.0
Brandon Clarke,28,2,21,0,1,24,59,32,27,24.0,10.3,4.3,8.4,51.7,0.3,1.3,26.0,1.3,1.9,69.0,1.6,3.9,5.6,1.6,0.6,1.0,0.9,1.4,24.5,3.0,0.0,-0.3,105130,1,49.0
Dario Saric,12,2,12,0,3,27,50,37,13,17.4,8.7,3.1,6.8,44.7,0.9,2.7,34.8,1.7,2.0,84.8,0.9,2.9,3.8,1.3,1.1,0.6,0.1,1.9,16.2,0.0,0.0,4.4,116628,1,0.0
RJ Hampton,29,1,24,0,2,20,51,20,31,17.4,6.9,2.7,6.1,43.5,0.5,1.7,31.0,1.1,1.6,67.1,0.6,2.9,3.5,1.7,1.0,0.4,0.2,1.2,14.5,3.0,0.0,-5.6,0,1,0.0
Udoka Azubuike,10,1,27,0,1,21,15,13,2,3.8,1.1,0.3,0.6,44.4,0.0,0.0,0.0,0.5,0.7,80.0,0.3,0.6,0.9,0.0,0.2,0.1,0.3,0.6,2.9,0.0,0.0,-4.3,0,1,0.0
Kent Bazemore,0,1,61,0,5,31,67,35,32,19.9,7.2,2.6,5.9,44.9,1.1,2.7,40.8,0.8,1.2,69.2,0.4,3.0,3.4,1.6,1.2,1.0,0.5,2.4,17.0,1.0,0.0,2.5,0,0,0.0
Sam Merrill,4,1,60,0,1,25,30,18,12,7.8,3.0,1.1,2.4,44.4,0.7,1.6,44.7,0.1,0.1,100.0,0.2,0.8,1.0,0.7,0.3,0.3,0.0,0.6,5.8,0.0,0.0,-1.3,31885,1,105.0
Joel Embiid,3,7,3,4,1,27,51,39,12,31.1,28.5,9.0,17.6,51.3,1.1,3.0,37.7,9.2,10.7,85.9,2.2,8.4,10.6,2.8,3.1,1.0,1.4,2.4,49.3,31.0,0.0,7.9,7437296,1,4.0
Bruno Fernando,13,2,34,0,2,22,33,20,13,6.8,1.5,0.5,1.3,40.9,0.0,0.1,0.0,0.5,0.7,68.2,0.5,1.9,2.4,0.3,0.6,0.1,0.1,0.7,4.8,0.0,0.0,-0.7,107359,1,0.0
Damian Lillard,2,9,6,6,1,30,67,39,28,35.8,28.8,9.0,19.9,45.1,4.1,10.5,39.1,6.7,7.2,92.8,0.5,3.7,4.2,7.5,3.0,0.9,0.3,1.5,45.7,16.0,0.0,3.0,10218076,1,16.0
Bol Bol,11,2,44,0,1,21,32,21,11,5.0,2.2,0.8,1.8,43.1,0.3,0.8,37.5,0.3,0.5,66.7,0.0,0.8,0.8,0.2,0.4,0.1,0.3,0.4,4.2,0.0,0.0,-2.5,933895,1,17.0
Buddy Hield,14,4,6,0,2,28,71,31,40,34.3,16.6,5.7,14.0,40.6,4.0,10.2,39.1,1.2,1.5,84.6,0.4,4.3,4.7,3.6,1.8,0.9,0.4,2.5,29.7,2.0,0.0,-0.8,611907,1,69.0
Saben Lee,21,1,38,0,1,22,48,14,34,16.3,5.6,2.1,4.4,47.1,0.2,0.5,34.8,1.3,1.9,68.5,0.4,1.6,2.0,3.6,1.1,0.7,0.3,1.6,15.1,0.0,0.0,-1.9,0,1,0.0
Tyrese Haliburton,14,1,12,0,1,21,58,25,33,30.1,13.0,5.0,10.7,47.2,2.1,5.1,40.9,0.8,1.0,85.7,0.7,2.3,3.0,5.3,1.6,1.3,0.5,1.4,28.4,5.0,0.0,-3.1,1208014,1,9.0
De'Aaron Fox,14,4,5,0,1,23,58,24,34,35.1,25.2,9.1,19.1,47.7,1.8,5.5,32.2,5.2,7.2,71.9,0.6,2.9,3.5,7.2,3.0,1.5,0.5,2.9,43.1,11.0,0.0,-3.4,1545013,1,6.0
Naji Marshall,7,1,61,0,1,23,32,14,18,21.9,7.7,2.6,6.5,39.2,0.9,2.6,34.9,1.7,2.3,70.7,0.5,4.2,4.6,2.8,1.2,0.8,0.3,1.8,19.6,3.0,0.0,-0.9,40031,1,0.0
Monte Morris,11,4,51,0,1,26,47,30,17,25.5,10.2,4.0,8.2,48.1,1.1,2.9,38.1,1.2,1.6,79.5,0.2,1.8,2.0,3.2,0.7,0.7,0.3,1.0,19.7,0.0,0.0,3.3,284518,1,0.0
Grayson Allen,28,1,21,0,2,25,50,26,24,25.2,10.6,3.5,8.3,41.8,2.1,5.5,39.1,1.6,1.8,86.8,0.4,2.8,3.2,2.2,1.0,0.9,0.2,1.4,20.0,0.0,0.0,0.2,373387,1,48.0
De'Andre Hunter,13,2,4,0,1,23,23,12,11,29.5,15.0,5.2,10.8,48.4,1.3,4.1,32.6,3.2,3.7,85.9,0.7,4.0,4.8,1.9,1.3,0.8,0.5,2.6,26.3,1.0,0.0,3.7,102044,1,39.0
Jimmy Butler,23,2,30,5,4,31,52,33,19,33.6,21.5,7.0,14.2,49.7,0.5,2.0,24.5,6.9,8.0,86.3,1.8,5.1,6.9,7.1,2.1,2.1,0.3,1.4,45.6,17.0,4.0,3.8,0,1,0.0
Clint Capela,13,1,25,0,2,27,63,34,29,30.1,15.2,6.6,11.0,59.4,0.0,0.0,0.0,2.1,3.6,57.3,4.7,9.6,14.3,0.8,1.2,0.7,2.0,2.3,40.6,48.0,1.0,4.0,615244,1,36.0
Bam Adebayo,23,4,14,1,1,23,64,34,30,33.5,18.7,7.1,12.5,57.0,0.0,0.1,25.0,4.4,5.5,79.9,2.2,6.7,9.0,5.4,2.6,1.2,1.0,2.3,41.5,33.0,2.0,0.4,1093383,1,15.0
Bobby Portis,4,1,22,0,4,26,66,44,22,20.8,11.4,4.7,9.1,52.3,1.1,2.4,47.1,0.8,1.1,74.0,1.9,5.2,7.1,1.1,0.8,0.8,0.4,1.7,24.2,12.0,0.0,2.1,315211,1,0.0
Luguentz Dort,20,2,61,0,1,22,52,18,34,29.7,14.0,4.8,12.3,38.7,2.2,6.3,34.3,2.3,3.2,74.4,0.7,2.9,3.6,1.7,1.5,0.9,0.4,2.6,23.1,0.0,0.0,-4.8,222482,1,39.0
Zach LaVine,6,4,13,1,2,26,58,26,32,35.1,27.4,9.8,19.4,50.7,3.4,8.2,41.9,4.4,5.1,84.9,0.6,4.4,5.0,4.9,3.5,0.8,0.5,2.4,41.0,3.0,0.0,-0.2,2323714,1,6.0
Jahmi'us Ramsey,14,1,43,0,1,20,13,5,8,7.3,3.1,1.2,2.9,39.5,0.4,1.5,26.3,0.4,0.4,100.0,0.2,0.6,0.8,0.5,0.2,0.3,0.1,0.6,5.6,0.0,0.0,0.2,0,1,0.0
Patrick Patterson,16,1,14,0,5,32,38,26,12,15.3,5.2,1.9,4.3,43.6,1.1,2.9,35.7,0.3,0.4,76.5,0.5,1.5,2.0,0.8,0.3,0.4,0.2,1.2,10.1,0.0,0.0,0.6,0,0,0.0
Landry Shamet,8,1,26,0,3,24,61,39,22,23.0,9.3,3.0,7.5,40.8,2.1,5.5,38.7,1.1,1.3,84.6,0.2,1.7,1.8,1.6,0.8,0.5,0.2,1.5,15.2,0.0,0.0,0.9,0,1,126.0
Nathan Knight,13,1,61,0,1,23,33,21,12,8.4,3.8,1.1,3.0,37.0,0.2,1.0,18.2,1.3,1.7,80.0,0.8,1.4,2.2,0.2,0.5,0.3,0.3,0.7,8.0,1.0,0.0,-0.5,0,0,0.0
Tyrese Maxey,3,1,21,0,1,20,61,41,20,15.3,8.0,3.2,7.0,46.2,0.5,1.7,30.1,1.0,1.1,87.1,0.2,1.5,1.7,2.0,0.7,0.4,0.2,1.3,14.2,0.0,0.0,-0.9,803541,1,6.0
Trae Young,13,3,5,1,1,22,63,36,27,33.7,25.3,7.7,17.7,43.8,2.2,6.3,34.3,7.7,8.7,88.6,0.6,3.3,3.9,9.4,4.1,0.8,0.2,1.8,43.1,28.0,0.0,4.2,5105967,1,0.0
Tim Frazier,28,1,61,0,6,30,5,5,0,12.4,1.6,0.6,4.0,15.0,0.0,1.6,0.0,0.4,1.2,33.3,0.0,1.6,1.6,3.2,0.8,0.4,0.2,1.4,9.3,0.0,0.0,1.0,0,1,0.0
Devin Cannady,29,1,61,0,1,25,8,0,8,9.3,4.3,1.4,3.5,39.3,0.8,2.0,37.5,0.8,0.9,85.7,0.0,0.6,0.6,0.1,0.3,0.6,0.1,1.1,7.2,0.0,0.0,-2.9,0,1,0.0
Nate Hinton,5,1,61,0,1,22,21,11,10,4.4,2.0,0.7,2.0,35.7,0.2,0.9,21.1,0.3,0.5,70.0,0.0,0.4,0.4,0.4,0.2,0.3,0.1,0.4,4.1,0.0,0.0,-2.6,0,0,0.0
Cory Joseph,21,1,29,0,5,29,63,25,38,23.0,8.2,3.2,6.8,46.9,0.7,2.1,34.1,1.1,1.4,81.8,0.6,2.0,2.5,3.4,1.3,1.0,0.3,2.2,18.8,2.0,0.0,-3.1,0,1,6.0
Anfernee Simons,2,3,24,0,1,22,64,37,27,17.3,7.8,2.6,6.3,41.9,1.9,4.4,42.6,0.7,0.9,80.7,0.2,2.0,2.2,1.4,0.7,0.3,0.1,1.5,13.1,0.0,0.0,0.7,209830,1,0.0
Pascal Siakam,24,5,27,1,1,27,56,21,35,35.8,21.4,7.8,17.2,45.5,1.3,4.4,29.7,4.4,5.4,82.7,1.7,5.5,7.2,4.5,2.3,1.1,0.7,3.1,39.8,13.0,1.0,2.3,722511,1,13.0
Udonis Haslem,23,18,61,0,1,41,1,1,0,2.7,4.0,2.0,2.0,100.0,0.0,0.0,0.0,0.0,0.0,0.0,0.0,1.0,1.0,0.0,0.0,0.0,0.0,0.0,5.2,0.0,0.0,3.0,0,1,0.0
Frank Ntilikina,19,4,8,0,1,22,33,23,10,9.8,2.7,0.9,2.4,36.7,0.7,1.5,47.9,0.2,0.5,44.4,0.2,0.8,0.9,0.6,0.3,0.5,0.1,1.4,6.4,0.0,0.0,-1.0,0,0,0.0
Coby White,6,2,7,0,1,21,69,30,39,31.2,15.1,5.4,13.1,41.6,2.4,6.6,35.9,1.9,2.1,90.1,0.4,3.7,4.1,4.8,2.3,0.6,0.2,2.6,27.2,5.0,0.0,-1.6,407980,1,37.0
PJ Washington,27,2,12,0,1,22,64,31,33,30.5,12.9,4.7,10.7,44.0,1.8,4.5,38.6,1.7,2.3,74.5,1.5,5.1,6.5,2.5,2.0,1.1,1.2,2.7,29.4,10.0,0.0,0.5,866339,1,0.0
Tyus Jones,28,2,24,0,2,25,70,36,34,17.5,6.3,2.5,5.9,43.1,0.6,2.0,32.1,0.6,0.6,91.1,0.3,1.7,2.0,3.7,0.7,0.9,0.1,0.4,16.6,2.0,0.0,-1.2,406023,1,0.0
Jordan Poole,0,2,28,0,1,22,51,28,23,19.4,12.0,4.0,9.3,43.2,1.9,5.4,35.1,2.1,2.3,88.2,0.3,1.5,1.8,1.9,1.0,0.5,0.2,1.7,18.1,0.0,0.0,0.6,2267751,1,17.0
Markieff Morris,15,2,13,0,5,31,61,32,29,19.7,6.7,2.5,6.2,40.5,1.1,3.4,31.1,0.6,0.8,72.0,0.8,3.6,4.4,1.2,0.9,0.4,0.3,1.7,14.8,2.0,0.0,0.3,0,0,91.0
Devon Dotson,6,1,61,0,2,21,11,4,7,4.6,2.1,1.0,1.9,52.4,0.1,0.6,14.3,0.0,0.0,0.0,0.2,0.3,0.5,0.6,0.0,0.4,0.0,0.3,4.7,0.0,0.0,2.9,0,1,0.0
Brodric Thomas,18,1,61,0,2,24,32,6,26,12.5,3.9,1.2,3.4,36.1,0.5,1.8,27.1,1.0,1.4,67.4,0.3,1.4,1.7,0.9,0.7,0.5,0.3,1.3,9.0,0.0,0.0,-1.5,0,0,0.0
Zeke Nnaji,11,1,22,0,1,20,42,30,12,9.5,3.2,1.2,2.5,48.1,0.6,1.4,40.7,0.3,0.4,80.0,0.3,1.2,1.5,0.2,0.2,0.2,0.1,0.7,6.1,0.0,0.0,-2.0,38983,1,77.0
Edmond Sumner,25,4,52,0,1,25,53,23,30,16.2,7.5,2.8,5.3,52.5,0.7,1.7,39.8,1.3,1.6,81.9,0.3,1.4,1.8,0.9,1.0,0.6,0.2,1.7,12.5,0.0,0.0,-0.6,0,1,0.0
Harrison Barnes,14,3,7,0,3,29,58,25,33,36.2,16.1,5.5,11.1,49.7,1.7,4.4,39.1,3.4,4.1,83.0,1.1,5.5,6.6,3.5,1.6,0.7,0.2,1.3,30.4,6.0,0.0,-1.0,963248,1,26.0
De'Anthony Melton,28,2,46,0,2,23,52,27,25,20.1,9.1,3.3,7.6,43.8,1.7,4.1,41.2,0.8,1.0,80.4,0.6,2.5,3.1,2.5,1.3,1.2,0.6,1.6,20.6,1.0,0.0,2.3,99135,1,0.0
Luka Doncic,5,3,3,2,1,22,66,40,26,34.3,27.7,9.8,20.5,47.9,2.9,8.3,35.0,5.2,7.1,73.0,0.8,7.2,8.0,8.6,4.3,1.0,0.5,2.3,50.5,26.0,11.0,2.5,10507139,1,0.0
Andre Drummond,15,1,9,2,4,27,46,19,27,27.0,14.9,6.1,12.4,49.3,0.0,0.2,0.0,2.7,4.5,60.0,3.6,8.4,12.0,2.0,2.7,1.4,1.1,3.2,37.0,28.0,0.0,-2.3,1270590,0,30.0
JaVale McGee,11,1,18,0,6,33,46,21,25,14.7,7.3,3.1,6.1,51.1,0.1,0.5,20.8,1.0,1.5,65.7,1.7,3.5,5.2,0.8,1.3,0.4,1.2,2.6,18.3,1.0,0.0,-1.9,0,0,0.0
Stephen Curry,0,12,7,7,1,33,63,37,26,34.2,32.0,10.4,21.7,48.2,5.3,12.7,42.1,5.7,6.3,91.6,0.5,5.0,5.5,5.8,3.4,1.2,0.1,1.9,47.9,8.0,0.0,3.9,58125146,1,3.0
Mason Plumlee,21,1,22,0,4,31,56,14,42,26.8,10.4,4.2,6.8,61.4,0.0,0.1,0.0,2.0,3.0,66.9,2.6,6.7,9.3,3.6,1.9,0.8,0.9,3.3,30.0,16.0,2.0,-2.7,1005,1,49.0
Christian Wood,26,1,61,0,5,25,41,12,29,32.3,21.0,8.0,15.6,51.4,1.9,5.0,37.4,3.0,4.8,63.1,1.9,7.8,9.6,1.7,2.0,0.8,1.2,2.1,39.2,19.0,0.0,-2.4,237627,1,0.0
Skylar Mays,13,1,50,0,1,23,33,19,14,8.2,3.8,1.3,3.0,44.9,0.4,1.2,35.0,0.7,0.8,88.0,0.3,0.8,1.1,0.9,0.3,0.4,0.1,0.5,7.6,0.0,0.0,0.4,0,1,0.0
Brad Wanamaker,27,1,61,0,2,31,61,29,32,17.3,5.5,1.9,4.9,38.5,0.3,1.4,18.8,1.5,1.7,89.1,0.3,1.4,1.7,2.9,1.2,0.7,0.2,1.5,13.3,0.0,0.0,-2.1,0,1,0.0
Jusuf Nurkic,2,4,16,0,2,26,37,22,15,23.8,11.5,4.6,9.0,51.4,0.3,0.8,40.0,1.9,3.1,61.9,2.3,6.6,9.0,3.4,2.0,1.0,1.1,2.8,31.6,13.0,0.0,3.4,393866,1,6.0
Paul George,16,2,10,7,3,31,54,38,16,33.7,23.3,8.2,17.6,46.7,3.2,7.7,41.1,3.7,4.2,86.8,0.8,5.8,6.6,5.2,3.3,1.1,0.4,2.4,40.5,9.0,0.0,8.0,9962507,1,5.0
Javonte Green,6,2,61,0,2,27,41,19,22,11.6,3.6,1.3,2.5,52.0,0.2,0.7,33.3,0.7,1.0,75.0,0.6,1.1,1.7,0.4,0.5,0.7,0.1,1.1,8.3,0.0,0.0,0.4,89264,1,131.0
KJ Martin,26,1,52,0,1,20,45,10,35,23.7,9.3,3.6,7.1,50.9,0.8,2.1,36.5,1.3,1.9,71.4,1.6,3.8,5.4,1.1,0.8,0.7,0.9,2.0,21.3,4.0,0.0,-6.3,0,1,0.0
Damian Jones,14,1,30,0,4,26,39,24,15,14.0,4.7,1.8,2.6,68.0,0.0,0.1,20.0,1.1,1.5,72.4,0.9,2.2,3.1,0.7,0.7,0.3,0.7,2.0,11.9,1.0,0.0,-1.7,0,1,0.0
Ryan Arcidiacono,6,4,61,0,1,27,44,20,24,10.2,3.1,1.1,2.7,41.9,0.6,1.5,37.3,0.3,0.5,65.0,0.1,1.4,1.5,1.3,0.2,0.2,0.0,1.1,7.2,0.0,0.0,0.2,0,0,0.0
Cameron Payne,12,1,14,0,4,26,60,42,18,18.0,8.4,3.2,6.6,48.4,1.2,2.8,44.0,0.8,0.9,89.3,0.3,2.1,2.4,3.6,1.0,0.6,0.3,1.6,18.3,1.0,0.0,3.0,0,1,0.0
PJ Tucker,4,1,35,0,3,36,52,27,25,26.1,3.7,1.3,3.4,37.3,0.8,2.3,33.6,0.4,0.5,75.0,1.0,2.9,3.9,1.2,0.8,0.8,0.4,2.4,12.8,0.0,0.0,-3.4,1025247,0,121.0
Isaiah Roby,20,1,45,0,2,23,61,19,42,23.4,8.7,3.4,7.0,48.3,0.5,1.8,29.4,1.4,1.9,74.4,1.5,4.1,5.6,1.8,1.9,0.9,0.6,2.7,20.6,3.0,0.0,-7.2,0,1,0.0
Khris Middleton,4,8,39,1,2,29,68,45,23,33.4,20.4,7.5,15.8,47.6,2.2,5.4,41.4,3.1,3.5,89.8,0.8,5.2,6.0,5.4,2.6,1.1,0.1,2.4,36.7,10.0,0.0,4.3,415208,1,29.0
Jakob Poeltl,22,3,9,0,2,25,69,32,37,26.7,8.6,3.8,6.2,61.6,0.0,0.0,0.0,0.9,1.8,50.8,3.2,4.8,7.9,1.9,1.2,0.7,1.8,2.5,27.2,15.0,0.0,1.6,77270,1,43.0
Kenrich Williams,20,2,61,0,2,26,66,21,45,21.6,8.0,3.3,6.2,53.3,0.8,1.8,44.4,0.5,1.0,57.1,1.3,2.9,4.1,2.3,1.2,0.8,0.3,2.2,18.5,0.0,0.0,-2.7,0,1,77.0
Joe Ingles,10,7,61,0,1,33,67,47,20,27.9,12.1,4.1,8.4,48.9,2.7,6.1,45.1,1.1,1.3,84.4,0.4,3.2,3.6,4.7,1.7,0.7,0.2,1.8,24.4,2.0,0.0,6.8,0,1,99.0
Jonas Valanciunas,28,2,5,0,2,29,62,32,30,28.3,17.1,7.1,12.0,59.2,0.3,0.9,36.8,2.5,3.3,77.3,4.1,8.4,12.5,1.8,1.6,0.6,0.9,2.9,37.6,49.0,0.0,2.2,265604,1,5.0
Nemanja Bjelica,23,1,35,0,3,33,37,16,21,16.1,6.5,2.4,5.3,45.4,0.7,2.3,31.8,1.0,1.4,72.5,0.8,2.6,3.4,1.9,0.9,0.4,0.1,1.8,14.2,0.0,0.0,-1.8,0,0,0.0
Immanuel Quickley,19,1,25,0,1,22,64,37,27,19.4,11.4,3.6,9.1,39.5,1.8,4.7,38.9,2.4,2.7,89.1,0.4,1.8,2.1,2.0,0.9,0.5,0.2,1.8,18.0,0.0,0.0,2.8,277098,1,25.0
Jordan McLaughlin,17,2,61,0,1,25,51,15,36,18.4,5.0,2.0,4.7,41.3,0.6,1.8,35.9,0.5,0.6,76.7,0.4,1.7,2.1,3.8,1.0,1.0,0.1,0.9,15.6,0.0,0.0,-2.6,50666,1,0.0
Daniel Oturu,16,1,33,0,1,21,30,21,9,5.4,1.8,0.7,1.7,42.3,0.0,0.2,20.0,0.3,0.4,75.0,0.7,0.9,1.6,0.3,0.3,0.1,0.2,0.8,5.0,1.0,0.0,0.3,0,1,0.0
Duncan Robinson,23,3,61,0,1,27,72,40,32,31.4,13.1,4.4,10.0,43.9,3.5,8.5,40.8,0.9,1.0,82.7,0.1,3.4,3.5,1.8,1.1,0.6,0.3,2.5,21.4,1.0,0.0,1.6,279491,1,0.0
Kyrie Irving,8,2,1,7,3,29,54,36,18,34.9,26.9,10.2,20.1,50.6,2.8,7.0,40.2,3.7,4.0,92.2,1.0,3.8,4.8,6.0,2.4,1.4,0.7,2.6,45.5,8.0,0.0,4.2,20299956,1,20.0
Justise Winslow,28,1,10,0,2,25,26,13,13,19.5,6.8,2.8,8.1,35.2,0.4,2.1,18.5,0.8,1.3,57.1,0.7,3.8,4.5,1.9,1.4,0.6,0.5,1.8,16.9,1.0,0.0,-3.0,0,0,0.0
D'Angelo Russell,17,1,2,1,4,25,42,16,26,28.5,19.0,6.7,15.5,43.1,2.9,7.4,38.7,2.7,3.5,76.5,0.4,2.3,2.6,5.8,2.7,1.1,0.4,1.6,32.7,6.0,0.0,-4.6,3825184,1,5.0
Jay Scrubb,16,1,55,0,1,20,4,2,2,21.0,8.8,3.5,9.0,38.9,0.5,2.3,22.2,1.3,1.3,100.0,0.5,3.0,3.5,0.3,1.8,1.0,0.0,1.3,14.6,0.0,0.0,0.5,0,1,0.0
Cam Reddish,13,2,10,0,2,21,26,10,16,28.9,11.2,3.7,10.1,36.5,1.3,4.8,26.2,2.6,3.2,81.7,0.8,3.2,4.0,1.3,1.3,1.3,0.3,2.6,21.6,0.0,0.0,-1.9,0,1,0.0
Vlatko Cancar,11,2,49,0,1,24,41,28,13,6.9,2.1,0.8,1.8,45.8,0.2,0.8,27.3,0.2,0.3,76.9,0.3,1.0,1.2,0.3,0.3,0.3,0.0,0.4,4.7,0.0,0.0,-2.5,33744,1,80.0
Cameron Johnson,12,2,11,0,1,25,60,43,17,24.0,9.6,3.4,8.1,42.0,2.0,5.6,34.9,0.8,1.0,84.7,0.6,2.8,3.3,1.4,0.7,0.6,0.3,1.4,17.7,0.0,0.0,2.9,242947,1,37.0
Isaiah Hartenstein,18,1,43,0,3,23,46,20,26,12.1,5.1,2.0,3.7,55.0,0.0,0.1,33.3,1.0,1.5,64.8,1.4,2.5,3.9,1.2,1.0,0.4,0.8,2.3,14.5,1.0,0.0,0.0,163420,1,17.0
Ricky Rubio,17,1,5,0,4,30,68,23,45,26.1,8.6,2.8,7.3,38.8,1.0,3.1,30.8,1.9,2.2,86.7,0.4,2.9,3.3,6.4,1.6,1.4,0.1,2.0,24.9,4.0,0.0,-2.7,0,1,0.0
Ben Simmons,3,4,1,3,1,24,58,42,16,32.4,14.3,5.6,10.1,55.7,0.1,0.2,30.0,3.0,4.9,61.3,1.6,5.6,7.2,6.9,3.0,1.6,0.6,2.9,36.9,13.0,4.0,5.7,7342622,1,6.0
Xavier Tillman,28,1,35,0,1,22,59,31,28,18.4,6.6,2.8,5.1,55.9,0.4,1.1,33.8,0.6,0.9,64.2,1.3,3.1,4.3,1.3,0.8,0.7,0.6,2.0,16.9,2.0,0.0,0.6,0,1,109.0
Kevin Durant,8,2,2,11,3,32,35,23,12,33.1,26.9,9.3,17.2,53.7,2.4,5.4,45.0,6.0,6.8,88.2,0.4,6.7,7.1,5.6,3.4,0.7,1.3,2.0,46.3,12.0,0.0,8.0,13755477,1,12.0
Andre Iguodala,23,2,9,1,4,37,63,37,26,21.3,4.4,1.5,3.9,38.3,1.0,2.9,33.0,0.4,0.6,65.8,0.6,2.9,3.5,2.3,1.1,0.9,0.6,1.4,15.3,0.0,0.0,-1.3,0,1,0.0
Facundo Campazzo,11,1,61,0,1,30,65,43,22,21.9,6.1,1.8,4.8,38.1,1.2,3.3,35.2,1.2,1.4,87.9,0.3,1.7,2.1,3.6,1.1,1.2,0.2,2.0,17.1,1.0,0.0,1.2,0,1,0.0
Isaiah Thomas,7,1,60,2,10,32,3,1,2,16.1,7.7,3.0,9.0,33.3,1.0,4.0,25.0,0.7,0.7,100.0,0.3,1.0,1.3,1.7,2.0,0.3,0.0,1.0,10.8,0.0,0.0,2.7,0,1,0.0
Jalen Brunson,5,3,33,0,1,24,68,40,28,25.0,12.6,4.8,9.2,52.3,1.2,2.9,40.5,1.8,2.2,79.5,0.4,3.0,3.4,3.5,1.2,0.5,0.0,1.6,22.4,1.0,0.0,2.4,761935,1,32.0
Rayjon Tucker,3,1,61,0,3,23,14,8,6,4.9,2.4,0.6,1.3,50.0,0.1,0.5,28.6,1.0,1.4,73.7,0.1,0.7,0.8,0.4,0.3,0.1,0.0,0.6,4.2,0.0,0.0,-0.9,0,1,0.0
Josh Okogie,17,3,20,0,1,22,59,21,38,20.3,5.4,1.7,4.3,40.2,0.5,1.8,26.9,1.4,1.8,76.9,1.1,1.6,2.6,1.1,0.7,0.9,0.5,2.1,13.6,0.0,0.0,-3.3,106777,1,40.0
Gary Payton II,0,1,61,0,4,28,10,7,3,4.0,2.5,1.0,1.3,76.9,0.2,0.4,50.0,0.3,0.4,75.0,0.2,0.9,1.1,0.1,0.1,0.6,0.1,0.8,6.0,0.0,0.0,0.1,663626,1,16.0
Alize Johnson,8,1,50,0,3,25,18,10,8,10.5,5.2,2.2,3.8,58.8,0.1,0.3,16.7,0.7,0.7,100.0,1.5,3.5,5.0,0.8,0.5,0.3,0.3,0.9,13.6,2.0,0.0,-1.0,0,0,0.0
John Collins,13,4,19,0,1,23,63,34,29,29.3,17.6,6.8,12.2,55.6,1.3,3.3,39.9,2.7,3.2,83.3,1.9,5.5,7.4,1.2,1.3,0.5,1.0,3.1,31.7,16.0,0.0,2.9,188748,1,34.0
Sterling Brown,26,1,46,0,3,26,51,14,37,24.1,8.2,2.9,6.6,44.8,1.8,4.2,42.3,0.5,0.6,80.6,0.7,3.6,4.4,1.4,0.8,0.7,0.2,1.9,17.7,2.0,0.0,-3.0,0,0,0.0
Mike Muscala,20,2,44,0,3,29,35,15,20,18.4,9.7,3.4,7.6,44.6,1.9,5.3,37.0,0.9,1.0,91.7,0.5,3.2,3.8,0.8,0.6,0.2,0.3,1.5,16.4,0.0,0.0,0.5,0,1,0.0
Maxi Kleber,5,4,61,0,1,29,50,31,19,26.8,7.1,2.3,5.5,42.2,1.7,4.2,41.0,0.7,0.7,91.9,0.9,4.3,5.2,1.4,0.6,0.5,0.7,2.1,18.3,0.0,0.0,2.7,147126,1,0.0
Austin Rivers,11,1,10,0,6,28,36,20,16,23.5,7.9,2.9,6.8,42.4,1.5,4.1,36.9,0.6,0.9,71.0,0.2,2.1,2.3,2.3,1.0,0.8,0.1,1.8,15.7,0.0,0.0,0.3,0,1,0.0
Malik Fitts,16,1,61,0,1,23,3,3,0,3.6,1.0,0.3,1.0,33.3,0.3,0.7,50.0,0.0,0.0,0.0,0.0,1.0,1.0,0.0,0.0,0.0,0.0,1.0,2.2,0.0,0.0,-2.0,0,1,0.0
Miye Oni,10,2,58,0,1,23,54,45,9,9.6,1.9,0.6,1.8,35.4,0.6,1.6,34.1,0.1,0.1,83.3,0.4,1.1,1.6,0.5,0.3,0.2,0.1,1.1,5.3,0.0,0.0,1.7,0,1,0.0
Wenyen Gabriel,7,1,61,0,3,24,21,9,12,11.5,3.4,1.1,2.9,40.0,0.6,1.5,40.6,0.5,0.8,64.7,1.0,1.6,2.6,0.5,0.7,0.4,0.4,1.5,9.0,0.0,0.0,0.1,0,1,0.0
Kawhi Leonard,16,2,15,5,3,30,52,36,16,34.1,24.8,8.9,17.5,51.2,1.9,4.9,39.8,5.0,5.7,88.5,1.1,5.4,6.5,5.2,2.0,1.6,0.4,1.6,44.2,9.0,0.0,8.6,0,1,8.0
Rodney Hood,24,1,23,0,4,28,55,29,26,17.1,4.5,1.7,4.7,36.2,0.6,2.1,30.1,0.4,0.5,85.7,0.4,1.5,1.9,1.0,0.7,0.4,0.1,1.3,9.2,0.0,0.0,-2.4,0,0,0.0
Solomon Hill,13,1,23,0,5,30,71,41,30,21.3,4.5,1.5,4.2,35.9,1.0,3.0,32.1,0.5,0.6,76.1,0.6,2.4,3.0,1.1,0.6,0.7,0.2,1.6,11.7,0.0,0.0,0.4,0,1,0.0
Cody Zeller,27,8,4,0,1,28,48,21,27,20.9,9.4,3.8,6.8,55.9,0.1,0.6,14.3,1.8,2.5,71.4,2.5,4.4,6.8,1.8,1.1,0.6,0.4,2.5,22.0,8.0,0.0,0.9,44596,0,26.0
Jalen Smith,12,1,10,0,1,21,27,19,8,5.8,2.0,0.8,1.9,44.0,0.1,0.6,23.5,0.2,0.3,71.4,0.3,1.1,1.4,0.1,0.3,0.0,0.1,0.6,4.1,1.0,0.0,-0.6,57479,1,72.0
Nicolas Batum,16,1,25,0,3,32,67,44,23,27.4,8.1,2.9,6.1,46.4,1.6,4.1,40.4,0.7,0.9,82.8,0.7,4.0,4.7,2.2,0.8,1.0,0.6,1.5,21.0,1.0,0.0,5.1,298843,1,18.0
Kelly Olynyk,26,1,13,0,4,30,70,26,44,28.5,13.5,4.8,10.0,48.4,1.8,5.3,34.2,2.1,2.5,82.9,1.2,5.7,7.0,2.9,1.8,1.1,0.6,3.0,29.6,12.0,0.0,-1.4,170628,0,14.0
Larry Nance Jr,18,3,27,0,3,28,35,13,22,31.2,9.3,3.7,7.8,47.1,1.2,3.3,36.0,0.9,1.4,61.2,1.5,5.2,6.7,3.1,1.6,1.7,0.5,2.1,27.1,5.0,0.0,-3.9,0,1,0.0
Ignas Brazdeikis,29,1,47,0,3,22,13,3,10,19.1,7.0,2.7,6.4,42.2,0.8,2.2,39.3,0.8,1.1,71.4,0.8,2.6,3.5,1.3,0.9,0.3,0.2,1.7,13.8,0.0,0.0,-2.1,0,1,0.0
DeAndre Jordan,8,2,35,1,5,32,57,37,20,21.9,7.5,3.3,4.4,76.3,0.0,0.0,0.0,0.8,1.6,50.0,2.1,5.4,7.5,1.6,1.5,0.3,1.1,2.0,21.7,6.0,0.0,-0.7,1814511,0,30.0
Kevon Looney,0,6,30,0,1,25,61,34,27,19.0,4.1,1.8,3.2,54.8,0.1,0.3,23.5,0.5,0.8,64.6,1.9,3.4,5.3,2.0,0.6,0.3,0.4,2.2,14.9,0.0,0.0,2.1,440908,1,13.0
Justin Robinson,20,1,61,0,3,23,9,0,9,9.7,2.3,0.8,2.3,33.3,0.4,1.6,28.6,0.3,0.6,60.0,0.1,0.7,0.8,1.0,0.2,0.3,0.0,1.1,5.5,0.0,0.0,-5.0,0,1,0.0
Moritz Wagner,29,1,25,0,3,24,45,19,26,16.0,6.9,2.3,5.1,45.4,0.7,2.0,34.1,1.6,1.9,81.6,0.6,2.6,3.2,1.1,1.0,0.6,0.4,2.4,14.4,1.0,0.0,-3.2,0,1,0.0
Ty Jerome,20,1,24,0,2,23,33,7,26,23.9,10.7,3.9,8.7,44.6,2.2,5.1,42.3,0.8,1.0,76.5,0.3,2.5,2.8,3.6,1.4,0.6,0.2,1.8,20.4,0.0,0.0,-4.1,95013,1,0.0
Freddie Gillespie,24,1,61,0,1,24,20,7,13,19.6,5.6,2.2,4.2,52.4,0.0,0.0,0.0,1.2,1.7,69.7,2.1,2.8,4.9,0.5,0.6,0.7,1.0,2.2,16.4,0.0,0.0,-3.9,0,1,0.0
LeBron James,15,3,1,17,3,36,45,30,15,33.4,25.0,9.4,18.3,51.3,2.3,6.3,36.5,4.0,5.7,69.8,0.6,7.0,7.7,7.8,3.7,1.1,0.6,1.6,47.0,18.0,5.0,6.4,159855350,1,6.0
DeMarcus Cousins,16,1,5,4,6,30,41,22,19,17.4,8.9,3.2,7.4,42.6,1.1,3.3,34.8,1.4,2.0,72.8,1.3,5.1,6.4,1.9,1.6,0.8,0.6,2.6,22.1,7.0,0.0,-1.5,0,1,0.0
Alfonzo McKinnie,15,1,61,0,4,28,39,22,17,6.6,3.1,1.2,2.4,51.6,0.4,1.0,41.0,0.3,0.5,55.6,0.6,0.8,1.4,0.2,0.1,0.2,0.0,0.7,5.4,0.0,0.0,0.2,0,1,0.0
Ja Morant,28,2,2,0,1,21,63,33,30,32.6,19.1,6.8,15.2,44.9,1.2,3.8,30.3,4.3,5.9,72.8,0.9,3.1,4.0,7.4,3.2,0.9,0.2,1.4,35.1,14.0,1.0,1.7,9750133,1,21.0
Gabe Vincent,23,2,61,0,1,25,50,27,23,13.1,4.8,1.8,4.7,37.8,0.9,3.0,30.9,0.4,0.5,87.0,0.2,0.9,1.1,1.3,0.7,0.4,0.0,1.6,8.9,1.0,0.0,-1.5,174714,1,0.0
Luke Kennard,16,1,12,0,2,25,63,44,19,19.6,8.3,3.1,6.6,47.6,1.6,3.6,44.6,0.4,0.5,83.9,0.2,2.3,2.6,1.7,0.8,0.4,0.1,1.4,14.6,1.0,0.0,-0.4,200970,1,5.0
Fred VanVleet,24,5,61,0,1,27,52,22,30,36.5,19.6,6.5,16.7,38.9,3.3,9.2,36.6,3.3,3.7,88.5,0.6,3.6,4.2,6.3,1.8,1.7,0.7,2.3,39.5,5.0,0.0,2.7,629129,1,6.0
Seth Curry,3,1,61,0,6,30,57,39,18,28.7,12.5,4.5,9.7,46.7,2.2,4.9,45.0,1.2,1.4,89.6,0.2,2.2,2.4,2.7,1.1,0.8,0.1,1.7,21.0,0.0,0.0,5.6,2007786,1,24.0
Dakota Mathias,3,1,61,0,2,25,8,4,4,15.4,6.0,2.4,6.0,39.6,1.0,3.3,30.8,0.3,0.8,33.3,0.1,0.8,0.9,1.6,0.1,0.1,0.4,0.9,10.9,0.0,0.0,-3.9,0,1,0.0
Jerami Grant,21,1,39,0,4,27,54,15,39,33.9,22.3,7.4,17.3,42.9,2.1,6.1,35.0,5.4,6.4,84.5,0.6,4.0,4.6,2.8,2.0,0.6,1.1,2.3,35.2,3.0,0.0,-2.2,210615,1,6.0
Pat Connaughton,4,3,41,0,2,28,69,44,25,22.8,6.8,2.4,5.6,43.4,1.5,3.9,37.1,0.4,0.6,77.5,0.9,3.9,4.8,1.2,0.5,0.7,0.3,1.4,17.0,0.0,0.0,3.2,175905,1,38.0
Jae Crowder,12,1,34,0,7,30,60,42,18,27.5,10.1,3.3,8.2,40.4,2.5,6.3,38.9,1.0,1.3,76.0,0.5,4.2,4.7,2.1,0.9,0.8,0.5,2.1,21.7,0.0,0.0,3.6,0,1,108.0
Payton Pritchard,9,1,26,0,1,23,66,33,33,19.2,7.7,2.8,6.3,44.0,1.5,3.8,41.1,0.6,0.7,88.9,0.5,1.9,2.4,1.8,0.8,0.6,0.1,1.6,14.6,0.0,0.0,0.6,463586,1,24.0
Rudy Gobert,10,8,27,2,1,29,71,52,19,30.8,14.3,5.5,8.2,67.5,0.0,0.1,0.0,3.3,5.3,62.3,3.4,10.1,13.5,1.3,1.7,0.6,2.7,2.3,40.5,49.0,0.0,10.3,833896,1,18.0
Tyler Cook,21,1,61,0,4,23,32,11,21,13.7,4.9,2.2,3.2,67.0,0.0,0.1,50.0,0.5,1.1,48.6,0.9,2.1,3.0,0.5,0.7,0.3,0.1,1.1,9.5,0.0,0.0,-1.1,0,0,0.0
Michael Carter-Williams,29,2,11,0,6,29,31,12,19,25.8,8.8,3.4,8.7,38.9,0.5,2.0,24.6,1.6,2.6,61.3,1.3,3.2,4.5,4.2,2.2,0.8,0.5,2.6,22.3,0.0,0.0,-1.6,0,1,0.0
Justin Holiday,25,2,61,0,6,32,72,34,38,30.3,10.5,3.6,8.7,41.3,2.4,6.3,38.2,0.9,1.2,78.8,0.4,3.1,3.6,1.7,0.8,1.0,0.6,1.9,21.3,0.0,0.0,-0.6,0,1,0.0
Nick Richards,27,1,42,0,1,23,18,9,9,3.5,0.8,0.2,0.5,44.4,0.0,0.1,0.0,0.4,0.6,63.6,0.2,0.4,0.6,0.1,0.2,0.0,0.0,0.4,1.6,0.0,0.0,-0.7,126685,1,89.0
Gabriel Deck,20,1,61,0,1,26,10,1,9,21.2,8.4,3.2,6.7,47.8,0.2,1.5,13.3,1.8,2.2,81.8,1.6,2.4,4.0,2.4,0.6,0.8,0.0,0.9,18.6,0.0,0.0,-5.1,0,1,0.0
Tony Bradley,20,1,28,0,3,23,42,15,27,16.3,7.1,3.1,4.7,66.5,0.0,0.1,0.0,0.9,1.3,69.1,2.0,3.7,5.7,0.9,0.8,0.4,0.7,1.5,17.7,3.0,0.0,-0.4,0,0,127.0
Taurean Prince,18,1,12,0,3,27,41,15,26,22.1,9.5,3.2,8.0,40.1,1.5,3.8,40.0,1.6,1.9,85.5,0.5,3.0,3.5,1.9,1.1,0.7,0.6,1.8,19.0,0.0,0.0,-3.1,237101,1,35.0
Darius Bazley,20,2,23,0,1,21,55,16,39,31.2,13.7,5.0,12.5,39.6,1.5,5.2,29.0,2.3,3.2,70.2,0.9,6.3,7.2,1.8,2.2,0.5,0.5,1.1,25.8,11.0,0.0,-8.7,97959,1,0.0
Jaden McDaniels,17,1,28,0,1,20,63,18,45,24.0,6.8,2.6,5.8,44.7,1.1,3.1,36.4,0.4,0.7,60.0,0.8,2.9,3.7,1.1,0.7,0.6,1.0,2.7,16.7,0.0,0.0,-1.6,151761,1,10.0
Nikola Jokic,11,6,41,3,1,26,72,47,25,34.6,26.4,10.2,18.0,56.6,1.3,3.3,38.8,4.8,5.5,86.8,2.8,8.0,10.8,8.3,3.1,1.3,0.7,2.7,54.7,60.0,16.0,5.3,0,1,0.0
Kyle Guy,14,1,55,0,2,23,31,11,20,7.6,2.8,0.9,2.8,33.0,0.4,1.5,28.3,0.5,0.6,80.0,0.2,1.0,1.1,1.0,0.4,0.2,0.0,0.6,5.9,0.0,0.0,-0.5,0,0,0.0
Precious Achiuwa,23,1,20,0,1,21,61,31,30,12.1,5.0,2.0,3.7,54.4,0.0,0.0,0.0,0.9,1.8,50.9,1.2,2.2,3.4,0.5,0.7,0.3,0.5,1.5,11.4,3.0,0.0,-1.9,192445,1,19.0
Jake Layman,17,2,47,0,2,27,45,12,33,13.9,5.1,2.0,4.1,49.5,0.5,1.7,29.5,0.6,0.8,70.3,0.3,1.2,1.5,0.6,0.6,0.6,0.4,1.0,10.5,0.0,0.0,-1.8,0,1,0.0
Derrick Rose,19,1,1,3,5,32,50,28,22,25.6,14.7,5.7,12.2,47.0,1.0,2.6,38.8,2.2,2.5,86.6,0.4,2.2,2.6,4.2,1.6,1.0,0.4,1.1,26.6,1.0,0.0,2.7,184266,1,0.0
Bogdan Bogdanovic,13,1,27,0,2,28,44,30,14,29.7,16.4,6.1,12.8,47.3,3.3,7.6,43.8,0.9,1.0,90.9,0.5,3.2,3.6,3.3,1.2,1.1,0.3,2.3,28.7,0.0,0.0,2.5,821691,1,50.0
Royce O'Neale,10,4,61,0,1,28,71,51,20,31.6,7.0,2.5,5.5,44.4,1.5,3.9,38.5,0.5,0.6,84.8,1.2,5.6,6.8,2.5,1.2,0.8,0.5,2.6,21.6,3.0,0.0,6.6,149535,1,49.0
Obi Toppin,19,1,8,0,1,23,62,36,26,11.0,4.1,1.7,3.4,49.8,0.4,1.4,30.6,0.3,0.4,73.1,0.4,1.8,2.2,0.5,0.4,0.3,0.2,0.9,8.6,0.0,0.0,0.4,301258,1,24.0
Nerlens Noel,19,1,6,0,4,27,64,35,29,24.2,5.1,2.1,3.5,61.4,0.0,0.0,0.0,0.8,1.1,71.4,2.2,4.1,6.4,0.7,1.0,1.1,2.2,2.8,22.6,2.0,0.0,0.0,0,1,0.0
Keldon Johnson,22,2,29,0,1,21,69,32,37,28.5,12.8,4.9,10.2,47.9,0.9,2.6,33.1,2.1,2.8,74.0,1.3,4.6,6.0,1.8,1.1,0.6,0.3,2.1,24.2,8.0,0.0,-2.5,161538,1,46.0
Tyrell Terry,5,1,31,0,1,20,11,2,9,5.1,1.0,0.5,1.5,31.3,0.0,0.6,0.0,0.1,0.3,33.3,0.0,0.5,0.5,0.5,0.2,0.5,0.0,0.2,3.7,0.0,0.0,0.0,0,1,0.0
Max Strus,23,1,61,0,2,25,39,14,25,13.0,6.1,2.2,4.8,45.5,1.3,3.8,33.8,0.4,0.6,66.7,0.1,0.9,1.1,0.6,0.2,0.3,0.1,1.1,9.0,0.0,0.0,-1.0,163281,1,0.0
Donovan Mitchell,10,4,13,2,1,24,53,39,14,33.4,26.4,9.0,20.6,43.8,3.4,8.7,38.6,5.0,6.0,84.5,0.9,3.5,4.4,5.2,2.8,1.0,0.3,2.2,40.6,2.0,0.0,5.4,3859648,1,24.0
Boban Marjanovic,5,2,61,0,4,32,33,14,19,8.2,4.7,1.9,3.7,50.8,0.0,0.2,12.5,0.9,1.2,81.6,1.4,2.5,3.9,0.3,0.4,0.1,0.2,0.9,10.2,3.0,0.0,0.7,0,1,0.0
Rui Hachimura,1,2,9,0,1,23,57,29,28,31.5,13.8,5.4,11.4,47.8,0.8,2.4,32.8,2.2,2.8,77.0,0.9,4.6,5.5,1.4,1.2,0.8,0.1,2.1,24.1,3.0,0.0,-1.9,921765,1,50.0
Cody Martin,27,2,36,0,1,25,52,26,26,16.3,4.0,1.6,3.6,44.1,0.3,1.1,27.6,0.5,0.8,58.1,1.0,2.1,3.1,1.7,0.8,0.7,0.2,1.0,12.2,1.0,0.0,-0.1,61512,1,0.0
Kentavious Caldwell-Pope,15,4,8,0,2,28,67,39,28,28.4,9.7,3.3,7.6,43.1,1.8,4.4,41.0,1.4,1.7,86.6,0.4,2.3,2.7,1.9,1.0,0.9,0.4,1.7,18.8,1.0,0.0,2.1,1314032,1,6.0
Isaac Okoro,18,1,5,0,1,20,67,20,47,32.4,9.6,3.5,8.3,42.0,0.9,3.2,29.0,1.7,2.3,72.6,1.0,2.1,3.1,1.9,1.3,0.9,0.4,2.8,18.8,1.0,0.0,-6.1,170222,1,62.0
Dorian Finney-Smith,5,5,61,0,1,28,60,36,24,32.0,9.8,3.7,7.8,47.2,2.0,5.0,39.4,0.5,0.7,75.6,1.6,3.8,5.4,1.7,0.8,0.9,0.4,2.3,22.0,1.0,0.0,3.3,153629,1,0.0
Keljin Blevins,2,1,61,0,1,25,17,11,6,4.4,0.7,0.3,1.2,25.0,0.1,0.5,25.0,0.0,0.0,0.0,0.2,0.4,0.6,0.2,0.3,0.1,0.0,0.5,1.8,0.0,0.0,-2.2,0,1,0.0
Rudy Gay,22,4,8,0,5,34,63,29,34,21.6,11.4,4.2,10.0,42.0,1.7,4.4,38.1,1.3,1.6,80.4,0.7,4.1,4.8,1.4,1.0,0.7,0.6,1.8,22.2,1.0,0.0,2.1,0,0,0.0
Grant Williams,9,2,22,0,1,22,63,30,33,18.1,4.7,1.7,3.9,43.7,0.8,2.0,37.2,0.5,0.8,58.8,0.8,2.1,2.8,1.0,0.9,0.5,0.4,2.6,11.4,0.0,0.0,-0.8,276718,1,55.0
Alex Caruso,15,4,61,0,1,27,58,32,26,21.0,6.4,2.3,5.3,43.6,0.9,2.4,40.1,0.8,1.3,64.5,0.5,2.4,2.9,2.8,1.3,1.1,0.3,1.9,16.8,0.0,0.0,2.1,1381274,0,14.0
Matt Thomas,10,1,61,0,2,26,45,27,18,7.3,3.1,1.1,2.8,39.4,0.6,1.8,33.8,0.3,0.3,85.7,0.2,0.8,1.0,0.4,0.3,0.1,0.0,0.4,4.9,0.0,0.0,-1.5,0,1,0.0
KZ Okpala,23,2,32,0,2,22,37,22,15,12.1,2.5,1.0,2.6,37.5,0.3,1.4,24.0,0.2,0.4,53.3,0.6,1.3,1.8,0.5,0.4,0.3,0.3,1.6,6.8,0.0,0.0,-1.8,0,1,0.0
Devin Vassell,22,1,11,0,1,20,62,30,32,17.0,5.5,2.0,4.9,40.6,0.8,2.4,34.7,0.7,0.8,84.3,0.4,2.4,2.8,0.9,0.4,0.7,0.3,1.4,12.8,0.0,0.0,-1.0,108713,1,31.0
Patrick Williams,6,1,4,0,1,19,71,30,41,27.9,9.2,3.6,7.4,48.3,0.8,1.9,39.1,1.3,1.8,72.8,0.9,3.7,4.6,1.4,1.4,0.9,0.6,1.8,20.1,3.0,0.0,-4.1,10331,1,39.0
Langston Galloway,12,1,61,0,5,29,40,29,11,10.9,4.8,1.7,3.7,44.9,0.9,2.1,42.4,0.6,0.6,95.7,0.2,0.9,1.1,0.7,0.3,0.2,0.0,0.6,7.3,0.0,0.0,0.9,0,0,0.0
Deandre Ayton,12,3,1,0,1,22,69,48,21,30.6,14.4,6.2,10.0,62.6,0.1,0.3,20.0,1.9,2.5,76.9,3.3,7.2,10.5,1.4,1.5,0.6,1.2,2.8,33.1,33.0,0.0,4.0,447826,1,23.0
Saddiq Bey,21,1,19,0,1,22,70,19,51,27.3,12.2,4.0,9.9,40.4,2.5,6.6,38.0,1.8,2.1,84.4,0.6,3.9,4.5,1.4,0.9,0.7,0.2,1.6,21.7,3.0,0.0,-3.0,60999,1,38.0
Drew Eubanks,22,3,61,0,1,24,54,21,33,14.0,5.8,2.1,3.8,56.6,0.0,0.0,100.0,1.4,2.0,72.6,1.4,3.1,4.5,0.8,0.8,0.3,0.9,1.6,15.2,3.0,0.0,-1.8,36007,1,0.0
Derrick Favors,10,1,3,0,2,29,68,49,19,15.3,5.4,2.3,3.6,63.8,0.0,0.0,0.0,0.9,1.2,73.8,2.0,3.5,5.5,0.6,0.5,0.5,1.0,2.1,16.9,1.0,0.0,0.5,0,1,0.0
Derrick White,22,4,29,0,2,26,36,18,18,29.5,15.4,5.2,12.6,41.1,2.3,6.8,34.6,2.7,3.2,85.1,0.4,2.6,3.0,3.5,1.3,0.7,1.0,2.5,28.1,0.0,0.0,2.6,413404,1,47.0
Kendrick Nunn,23,2,61,0,1,25,56,31,25,29.5,14.6,5.7,11.8,48.5,2.2,5.7,38.1,1.0,1.1,93.3,0.4,2.8,3.2,2.6,1.4,0.9,0.3,1.9,24.5,0.0,0.0,-0.1,0,0,0.0
Giannis Antetokounmpo,4,8,15,5,1,26,61,40,21,33.0,28.1,10.3,18.0,56.9,1.1,3.6,30.3,6.5,9.5,68.5,1.6,9.4,11.0,5.9,3.4,1.2,1.2,2.8,53.9,41.0,7.0,6.7,15981855,1,15.0
Will Barton,11,6,40,0,2,30,56,37,19,31.0,12.7,4.6,10.9,42.6,1.8,4.6,38.1,1.7,2.2,78.5,0.7,3.3,4.0,3.2,1.7,0.9,0.4,1.7,24.6,0.0,0.0,4.1,0,1,0.0
Ersan Ilyasova,10,1,36,0,7,34,17,14,3,8.7,3.8,1.2,3.2,38.9,1.1,2.4,43.9,0.3,0.3,100.0,0.4,1.3,1.7,0.2,0.5,0.6,0.2,1.7,8.0,0.0,0.0,0.9,0,1,0.0
Nickeil Alexander-Walker,7,2,17,0,2,22,46,20,26,21.9,11.0,4.2,10.0,41.9,1.7,4.8,34.7,1.0,1.4,72.7,0.3,2.8,3.1,2.2,1.5,1.0,0.5,1.9,21.1,0.0,0.0,-1.1,163279,1,39.0
Juan Toscano-Anderson,0,2,61,0,1,28,53,28,25,20.9,5.7,2.3,3.9,57.9,0.7,1.7,40.2,0.4,0.6,71.0,0.5,3.9,4.4,2.8,1.2,0.8,0.5,2.1,17.9,0.0,0.0,1.8,0,1,0.0
Josh Richardson,5,1,40,0,4,27,59,35,24,30.3,12.1,4.5,10.5,42.7,1.5,4.5,33.0,1.7,1.8,91.7,0.9,2.4,3.3,2.6,1.3,1.0,0.4,2.2,23.0,0.0,0.0,-0.8,254051,1,0.0
Mychal Mulder,0,2,61,0,2,27,60,33,27,12.8,5.6,2.0,4.4,44.9,1.4,3.6,39.7,0.2,0.4,63.6,0.1,0.9,1.0,0.4,0.3,0.2,0.2,0.9,8.4,0.0,0.0,1.1,0,1,0.0
Bismack Biyombo,27,2,7,0,3,28,66,28,38,20.4,5.0,2.2,3.7,58.7,0.0,0.0,0.0,0.7,1.6,44.8,2.1,3.2,5.3,1.2,1.1,0.3,1.1,2.1,16.2,3.0,0.0,-4.2,0,1,104.0
Goga Bitadze,25,2,18,0,1,21,45,19,26,12.5,5.1,1.8,4.3,42.8,0.4,1.8,25.3,1.0,1.4,73.8,1.3,2.0,3.3,0.8,0.4,0.2,1.3,2.1,14.6,0.0,0.0,-0.4,48950,1,47.0
Brandon Ingram,7,2,2,1,2,23,61,29,32,34.3,23.8,8.4,18.0,46.6,2.3,6.1,38.1,4.6,5.2,87.8,0.6,4.3,4.9,4.9,2.5,0.7,0.6,2.0,38.2,4.0,0.0,0.7,2165773,1,27.0
Willie Cauley-Stein,5,2,6,0,3,27,53,29,24,17.1,5.3,2.2,3.4,63.2,0.0,0.2,9.1,0.9,1.5,62.8,1.2,3.2,4.5,0.7,0.5,0.4,0.8,2.4,14.7,1.0,0.0,2.6,0,1,0.0
Tobias Harris,3,2,19,0,5,28,62,44,18,32.5,19.5,7.6,14.9,51.2,1.3,3.4,39.4,2.9,3.3,89.2,1.0,5.8,6.8,3.5,1.7,0.9,0.8,1.9,36.4,11.0,0.0,5.2,452609,1,33.0
Chuma Okeke,29,1,16,0,1,22,45,15,30,25.2,7.8,3.0,7.2,41.7,1.1,3.1,34.8,0.7,0.9,75.0,0.9,3.1,4.0,2.2,0.8,1.1,0.5,1.1,19.8,0.0,0.0,-4.0,0,1,35.0
